id,SMILES,SIF_class,SGF_class,Unnamed: 4,Unnamed: 5,Unnamed: 6,Unnamed: 7,Unnamed: 8,Unnamed: 9,Unnamed: 10,Unnamed: 11,Unnamed: 12,Unnamed: 13,Unnamed: 14,Unnamed: 15,Unnamed: 16,Unnamed: 17,Unnamed: 18,Unnamed: 19,original_source,is_monomer,is_dimer,is_cyclic,has_disulfide_bond,SIF_minutes,SGF_minutes,source_name,label
32,CC[C@H](C)[C@H](NC(C)=O)C(=O)N[C@@H]([C@@H](C)O)C(=O)N[C@@H](C(C)C)C(=O)N[C@@H]([C@@H](C)O)C(=O)N[C@@H]([C@@H](C)CC)C(=O)N1CCC[C@H]1C(=O)N[C@H]1CSCC2=CC=C(CSC[C@H](NC(=O)[C@H](CC3=CNC4=CC=CC=C34)NC(=O)[C@H](CC(C)C)NC(=O)[C@H](CC(O)=O)NC1=O)C(=O)N[C@@H](CC1=CNC3=CC=CC=C13)C(=O)N[C@@H]([C@@H](C)CC)C(=O)N[C@@H](CC(N)=O)C(=O)N[C@H](CCCNC(N)=N)C(N)=O)C=C2,1,1,,,,,,,,,,,,,,,,,sif_sgf_second.csv,True,False,True,False,30,30,.\raw.csv,0
259,[H]NC(=O)C[C@H](NC(=O)[C@@H]1CCCSSCCC[C@H](NC(=O)[C@@]([H])(NC(=O)[C@H](CC(C)(C)C)NC(=O)[C@H](CC2=CN([H])C=N2)NC(=O)[C@@]([H])(NC(=O)[C@H](CCC(O)=O)NC(C)=O)[C@@H](C)CC)[C@@H](C)O[H])C(=O)N2C3CCCCC3C[C@H]2C(=O)N[C@@H](C)C(=O)N[C@@H](CC(O)=O)C(=O)N[C@@H](CCCCCCCC)C(=O)N[C@@H](CC2=CN([H])C3=C2C=CC=C3)C(=O)N[C@@H](CC(O)=O)C(=O)N[C@@H](CC2=CN([H])C3=C2C=CC=C3)C(=O)N1)C(=O)N[C@H](CCCN=C(N)N[H])C(N)=O,4,4,,,,,,,,,,,,,,,,,sif_sgf_second.csv,True,False,True,True,150,150,.\raw.csv,0
335,[H][C@](NC(=O)[C@@H](NC(=O)[C@H](CC1=CNC=N1)NC(=O)[C@@]([H])(NC(C)=O)[C@@H](C)CC)C(C)(C)C)([C@@H](C)O)C(=O)N[C@H]1CCSCCCCCCSC[C@H](NC(=O)[C@H](CC2=CNC3=C2C=CC=C3)NC(=O)[C@H](CC(O)=O)NC(=O)[C@H](CC2=CNC3=C2C=CC=C3)NC(=O)[C@H](CCCCCCCC)NC(=O)[C@H](CC(O)=O)NC(=O)[C@H](C)NC(=O)[C@@H]2CC3CCCCC3N2C1=O)C(=O)N[C@@H](CC(N)=O)C(=O)N[C@H](CCCNC(N)=N)C(N)=O,4,1,,,,,,,,,,,,,,,,,sif_sgf_second.csv,True,False,True,False,150,30,.\raw.csv,0
380,[H]NC(=O)C[C@H](NC(=O)[C@@H]1CCCSSCCC[C@H](NC(=O)[C@@]([H])(NC(=O)[C@H](CCCCCCCC)NC(=O)[C@H](CCCC[N+](C)(C)C)NC(=O)[C@@]([H])(NC(=O)[C@H](CCC(O)=O)NC(C)=O)[C@@H](C)CC)[C@@H](C)O[H])C(=O)N2C3CCCCC3C[C@H]2C(=O)N[C@@H](C)C(=O)N[C@@H](CC(C(O)=O)C(=O)N[C@@H](CCCCCCCC)C(=O)N[C@@H](CC2=CN([H])C3=C2C=CC=C3)C(=O)N[C@@H](CC(O)=O)C(=O)N[C@@H](CC2=CN([H])C3=C2C=CC=C3)C(=O)N1)C(O)=O)C(=O)N[C@H](CCCN=C(N)N[H])C(N)=O,4,1,,,,,,,,,,,,,,,,,sif_sgf_second.csv,True,False,True,True,150,30,.\raw.csv,0
693,[H]C[C@@H]1NC(=O)[C@@H]2C[C@]3([H])CCCC[C@]3([H])N2C(=O)[C@H](CCSCCCSCC[C@H](NC(=O)[C@H](CC2=CNC3=CC=CC=C23)NC(=O)[C@H](CCC(O)=O)NC(=O)[C@H](CC2=CNC3=CC=CC=C23)NC(=O)[C@H](CCCCCCCCCC)NC(=O)[C@H](CC(O)=O)NC1=O)C(=O)N[C@@H](CC(N)=O)C(=O)N[C@H](CCCNC(N)=N)C(N)=O)NC(=O)[C@@H](NC(=O)[C@@H](NC(=O)[C@H](CC1=CN=CN1)NC(=O)[C@@H](NC(=O)[C@@H](CCC(O)=O)NC(=O)CC(C)C)[C@@H](C)CC)C(C)(C)C)[C@@H](C)O,4,4,,,,,,,,,,,,,,,,,sif_sgf_second.csv,True,False,True,False,150,150,.\raw.csv,0
706,[H]C[C@@H]1NC(=O)[C@@H]2C[C@]3([H])CCCC[C@]3([H])N2C(=O)[C@H](CCSCCCSCC[C@H](NC(=O)[C@H](CC2=CNC3=CC=CC=C23)NC(=O)[C@H](CCC(O)=O)NC(=O)[C@H](CC2=CNC3=CC=CC=C23)NC(=O)[C@H](CCCCCCCC)NC(=O)[C@H](CC(O)=O)NC1=O)C(=O)N[C@@H](CC(N)=O)C(=O)N[C@H](CCCNC(N)=N)C(N)=O)NC(=O)[C@@H](NC(=O)[C@H](CC(C)(C)C)NC(=O)[C@H](CC1=CN=CN1)NC(=O)[C@@H](NC(=O)[C@H](CC(C(O)=O)C(O)=O)NC(=O)C[H])[C@@H](C)CC)[C@@H](C)O,1,4,,,,,,,,,,,,,,,,,sif_sgf_second.csv,True,False,True,False,30,150,.\raw.csv,0
614,[H]C[C@@H]1NC(=O)[C@@H]2C[C@]3([H])CCCC[C@]3([H])N2C(=O)[C@H](CCSCCCSCC[C@H](NC(=O)[C@H](CC2=CNC3=CC=CC=C23)NC(=O)[C@H](CCC(O)=O)NC(=O)[C@H](CC2=CNC3=CC=CC=C23)NC(=O)[C@H](CCCCCCCC)NC(=O)[C@H](CC(O)=O)NC1=O)C(N)=O)NC(=O)[C@@H](NC(=O)[C@H](CC(C)(C)C)NC(=O)[C@H](CC1=CN=CN1)NC(=O)[C@@H](NC(=O)[C@@H](CC1=CN=CN1)NC(=O)C[H])[C@@H](C)CC)[C@@H](C)O,2,2,,,,,,,,,,,,,,,,,sif_sgf_second.csv,True,False,True,False,75,75,.\raw.csv,0
487,[H]CC(=O)NCCCC[C@H](NC(=O)[C@@H]1CCC\C=C/CCC[C@H](NC(=O)[C@@]([H])(NC(=O)[C@H](CC(C)(C)C)NC(=O)[C@H](CC2=CN([H])C=N2)NC(=O)[C@@]([H])(NC(=O)CN(C)C(=O)C[H])[C@@H](C)CC)[C@@H](C)O[H])C(=O)N2[C@@H](C[C@]3([H])CCCC[C@]23[H])C(=O)N[C@@H](C)C(=O)N[C@@H](CC(O)=O)C(=O)N[C@@H](CCCCCCCC)C(=O)N[C@@H](CC2=CN([H])C3=C2C=CC=C3)C(=O)N[C@@H](CC(O)=O)C(=O)N[C@@H](CC2=CN([H])C3=C2C=CC=C3)C(=O)N1)C(=O)N[C@H](CCCNC(N)=N)C(N)=O,2,4,,,,,,,,,,,,,,,,,sif_sgf_second.csv,True,False,True,False,75,150,.\raw.csv,0
260,[H]NC(=O)C[C@H](NC(=O)[C@@H]1CCCSSCCC[C@H](NC(=O)[C@@]([H])(NC(=O)[C@H](CC(C)(C)C)NC(=O)[C@H](CC2=CN([H])C=N2)NC(=O)[C@@]([H])(NC(=O)[C@@H](NC(C)=O)C(C)(C)C)[C@@H](C)CC)[C@@H](C)O[H])C(=O)N2C3CCCCC3C[C@H]2C(=O)N[C@@H](C)C(=O)N[C@@H](CC(O)=O)C(=O)N[C@@H](CCCCCCCC)C(=O)N[C@@H](CC2=CN([H])C3=C2C=CC=C3)C(=O)N[C@@H](CC(O)=O)C(=O)N[C@@H](CC2=CN([H])C3=C2C=CC=C3)C(=O)N1)C(=O)N[C@H](CCCN=C(N)N[H])C(N)=O,4,4,,,,,,,,,,,,,,,,,sif_sgf_second.csv,True,False,True,True,150,150,.\raw.csv,0
498,[H]CC(=O)NCCCC[C@@H]1NC(=O)[C@@H]2CC3CCCCC3N2C(=O)[C@H](CCSCCCSCC[C@H](NC(=O)[C@H](CC2=CN([H])C3=C2C=CC=C3)NC(=O)[C@H](CCC(O)=O)NC(=O)[C@H](CC2=CN([H])C3=C2C=CC=C3)NC(=O)[C@H](CCCCCCCC)NC(=O)[C@H](CC(O)=O)NC1=O)C(=O)N[C@@H](CC(=O)N[H])C(=O)N[C@H](CCCN=C(N)N[H])C(N)=O)NC(=O)[C@@]([H])(NC(=O)[C@H](CC(C)(C)C)NC(=O)[C@H](CC1=CN([H])C=N1)NC(=O)[C@H](CC(C)(C)C)NC(=O)[C@@H](CCC(O)=O)NC(C)=O)[C@@H](C)O[H],4,1,,,,,,,,,,,,,,,,,sif_sgf_second.csv,True,False,True,False,150,30,.\raw.csv,0
270,[H][C@](NC(=O)[C@@H](NC(=O)[C@H](CC1=CNC=N1)NC(=O)[C@@]([H])(NC(C)=O)[C@@H](C)CC)C(C)(C)C)([C@@H](C)O)C(=O)N[C@H]1CCSCCCSCC[C@H](NC(=O)[C@H](CC2=CNC3=C2C=CC=C3)NC(=O)[C@H](CC(O)=O)NC(=O)[C@H](CC2=CNC3=C2C=CC=C3)NC(=O)[C@H](CCCCCCCC)NC(=O)[C@H](CC(O)=O)NC(=O)[C@H](C)NC(=O)[C@@H]2CC3CCCCC3N2C1=O)C(=O)N[C@@H](CC(N)=O)C(=O)N[C@H](CCCNC(N)=N)C(N)=O,3,1,,,,,,,,,,,,,,,,,sif_sgf_second.csv,True,False,True,False,105,30,.\raw.csv,0
293,[H]C[C@@H]1NC(=O)[C@@H]2C[C@]3([H])CCCC[C@]3([H])N2C(=O)[C@H](CCCSSCCC[C@H](NC(=O)[C@H](CC2=CNC3=CC=CC=C23)NC(=O)[C@H](CC(O)=O)NC(=O)[C@H](CC2=CNC3=CC=CC=C23)NC(=O)[C@H](CCCCCCCC)NC(=O)[C@H](CC(C(O)=O)C(O)=O)NC1=O)C(=O)N[C@@H](CC(N)=O)C(=O)N[C@H](CCCNC(N)=N)C(N)=O)NC(=O)[C@@H](NC(=O)[C@H](CCCCCCCC)NC(=O)[C@H](CC1=CN=CN1)NC(=O)[C@@H](NC(=O)C[H])[C@@H](C)CC)[C@@H](C)O,4,1,,,,,,,,,,,,,,,,,sif_sgf_second.csv,True,False,True,True,150,30,.\raw.csv,0
186,[H]NCCCC[C@H](NC(=O)[C@@H]1CCCSSCCC[C@H](NC(=O)[C@@]([H])(NC(=O)[C@H](CC2CC2)NC(=O)[C@H](CCO)NC(=O)[C@@]([H])(NC(C)=O)[C@@H](C)CC)[C@@H](C)O)C(=O)N2CCC[C@H]2C(=O)N[C@@H](C)C(=O)N[C@@H](CC(C(O)=O)C(=O)N[C@@H](CCCCCCCC)C(=O)N[C@@H](CC2=CNC3=C2C=CC=C3)C(=O)N[C@@H](CC(O)=O)C(=O)N[C@@H](CC2=CNC3=C2C=CC=C3)C(=O)N1)C(O)=O)C(=O)N[C@H](CCCNC(N)=N)C(N)=O,1,1,,,,,,,,,,,,,,,,,sif_sgf_second.csv,True,False,True,True,30,30,.\raw.csv,0
448,[H]C[C@@H]1NC(=O)[C@@H]2C[C@]3([H])CCCC[C@]3([H])N2C(=O)[C@H](CCSCCCSCC[C@H](NC(=O)[C@H](CC2=CNC3=CC=CC=C23)NC(=O)[C@H](CC(O)=O)NC(=O)[C@H](CC2=CNC3=CC=CC=C23)NC(=O)[C@H](CCCCCCCC)NC(=O)[C@H](CC(O)=O)NC1=O)C(=O)N[C@@H](CC(N)=O)C(=O)N[C@H](CCCNC(N)=N)C(N)=O)NC(=O)[C@@H](NC(=O)[C@@H](NC(=O)[C@H](CC1=CN=CN1)NC(=O)[C@@H](NC(=O)[C@H](CCC(O)=O)NC(=O)CC(C)C)[C@@H](C)CC)C(C)(C)C)[C@@H](C)O,4,1,,,,,,,,,,,,,,,,,sif_sgf_second.csv,True,False,True,False,150,30,.\raw.csv,0
592,[H]C[C@@H]1NC(=O)[C@@H]2C[C@]3([H])CCCC[C@]3([H])N2C(=O)[C@H](CCSCCCSCC[C@H](NC(=O)[C@H](CC2=CNC3=CC=CC=C23)NC(=O)[C@H](CCC(O)=O)NC(=O)[C@H](CC2=CNC3=CC=CC=C23)NC(=O)[C@H](CCCCCCCC)NC(=O)[C@H](CC(O)=O)NC1=O)C(=O)N[C@@H](CC(N)=O)C(=O)N[C@H](CCCNC(N)=N)C(N)=O)NC(=O)[C@@H](NC(=O)[C@H](CC(C)(C)C)NC(=O)[C@H](CC1=CN=CN1)NC(=O)[C@@H](NC(=O)[C@@H](CC1=CC=CN=C1)NC(=O)C[H])[C@@H](C)CC)[C@@H](C)O,4,4,,,,,,,,,,,,,,,,,sif_sgf_second.csv,True,False,True,False,150,150,.\raw.csv,0
502,[H]C[C@@H]1NC(=O)[C@@H]2C[C@]3([H])CCCC[C@]3([H])N2C(=O)[C@H](CCSCCCSCC[C@H](NC(=O)[C@H](CC2=CNC3=CC=CC=C23)NC(=O)[C@H](CC(O)=O)NC(=O)[C@H](CC2=CNC3=C2C=CC=C3C2=CC=CC=C2)NC(=O)[C@H](CCCCCCCC)NC(=O)[C@H](CC(O)=O)NC1=O)C(=O)N[C@@H](CC(N)=O)C(=O)N[C@H](CCCNC(N)=N)C(N)=O)NC(=O)[C@@H](NC(=O)[C@@H](NC(=O)[C@H](CC1=CN=CN1)NC(=O)[C@@H](NC(=O)[C@H](CC1=CN=CN1)NC(=O)C[H])[C@@H](C)CC)C(C)(C)C)[C@@H](C)O,4,4,,,,,,,,,,,,,,,,,sif_sgf_second.csv,True,False,True,False,150,150,.\raw.csv,0
515,[H]C[C@@H]1NC(=O)[C@@H]2C[C@]3([H])CCCC[C@]3([H])N2C(=O)[C@H](CCCSSCCC[C@H](NC(=O)[C@H](CC2=CNC3=CC=CC=C23)NC(=O)[C@H](CCC(O)=O)NC(=O)[C@H](CC2=CNC3=CC=CC=C23)NC(=O)[C@H](CCCCCCCC)NC(=O)[C@H](CC(O)=O)NC1=O)C(=O)N[C@@H](CC(N)=O)C(=O)N[C@H](CCCNC(N)=N)C(N)=O)NC(=O)[C@@H](NC(=O)[C@H](CC(C)(C)C)NC(=O)[C@H](CC1=CN=CN1)NC(=O)[C@@H](NC(=O)[C@@H](C)NC(=O)C[H])[C@@H](C)CC)[C@@H](C)O,4,4,,,,,,,,,,,,,,,,,sif_sgf_second.csv,True,False,True,True,150,150,.\raw.csv,0
385,[H]C[C@@H]1NC(=O)[C@@H]2C[C@]3([H])CCCC[C@]3([H])N2C(=O)[C@H](CCCSSCCC[C@H](NC(=O)[C@H](CC2=CNC3=CC=CC=C23)NC(=O)[C@H](CC(O)=O)NC(=O)[C@H](CC2=CNC3=CC=CC=C23)NC(=O)[C@H](CCCCCCCC)NC(=O)[C@H](CC(C(O)=O)C(O)=O)NC1=O)C(=O)N[C@@H](CC(N)=O)C(=O)N[C@H](CCCNC(N)=N)C(N)=O)NC(=O)[C@@H](NC(=O)[C@H](CC(C)(C)C)NC(=O)[C@H](CC1=CN=CN1)NC(=O)[C@@H](NC(=O)[C@@H](NC(=O)C[H])C(C)(C)C)[C@@H](C)CC)[C@@H](C)O,4,2,,,,,,,,,,,,,,,,,sif_sgf_second.csv,True,False,True,True,150,75,.\raw.csv,0
507,[H]C[C@@H]1NC(=O)[C@@H]2C[C@]3([H])CCCC[C@]3([H])N2C(=O)[C@H](CCSCCCSCC[C@H](NC(=O)[C@H](CC2=CNC3=CC=CC=C23)NC(=O)[C@H](CC(O)=O)NC(=O)[C@H](CC2=CNC3=CC=CC=C23)NC(=O)[C@H](CCCCCCCC)NC(=O)[C@H](CC(O)=O)NC1=O)C(=O)N[C@@H](CC(N)=O)C(=O)N[C@H](CCCNC(N)=N)C(N)=O)NC(=O)[C@@H](NC(=O)[C@H](CC(C)(C)C)NC(=O)[C@H](CC1=CN=CN1)NC(=O)[C@@H](NC(=O)CN(C)C(=O)C[H])[C@@H](C)CC)[C@@H](C)O,1,4,,,,,,,,,,,,,,,,,sif_sgf_second.csv,True,False,True,False,30,150,.\raw.csv,0
343,[H]NC(=O)C[C@H](NC(=O)[C@@H]1CSCC2=CC=C(CSC[C@H](NC(=O)[C@@]([H])(NC(=O)[C@H](CC(C)(C)C)NC(=O)[C@H](CC3=CC=C(C=C3)C(N)=O)NC(=O)[C@@]([H])(NC(C)=O)[C@@H](C)CC)[C@@H](C)O[H])C(=O)N3C4CCCCC4C[C@H]3C(=O)N[C@@H](CC3=CN([H])C=N3)C(=O)N[C@@H](CC(O)=O)C(=O)N[C@@H](CCCCCCCC)C(=O)N[C@@H](CC3=CN([H])C4=C3C=CC=C4)C(=O)N[C@@H](CCC(O)=O)C(=O)N[C@@H](CC3=CN([H])C4=C3C=CC=C4)C(=O)N1)C=C2)C(=O)N[C@H](CCCN=C(N)N[H])C(N)=O,4,1,,,,,,,,,,,,,,,,,sif_sgf_second.csv,True,False,True,False,150,30,.\raw.csv,0
344,[H]NC(=O)C[C@H](NC(=O)[C@@H]1CSCC2=CC=C(CSC[C@H](NC(=O)[C@@]([H])(NC(=O)[C@H](CC(C)(C)C)NC(=O)[C@H](CC3=CN=CC=C3)NC(=O)[C@@]([H])(NC(C)=O)[C@@H](C)CC)[C@@H](C)O[H])C(=O)N3C4CCCCC4C[C@H]3C(=O)N[C@@H](CC3=CN([H])C=N3)C(=O)N[C@@H](CC(C(O)=O)C(=O)N[C@@H](CCCCCCCC)C(=O)N[C@@H](CC3=CN([H])C4=C3C=CC=C4)C(=O)N[C@@H](CCC(O)=O)C(=O)N[C@@H](CC3=CN([H])C4=C3C=CC=C4)C(=O)N1)C(O)=O)C=C2)C(=O)N[C@H](CCCN=C(N)N[H])C(N)=O,4,1,,,,,,,,,,,,,,,,,sif_sgf_second.csv,True,False,True,False,150,30,.\raw.csv,0
696,[H]C[C@@H]1NC(=O)[C@@H]2C[C@]3([H])CCCC[C@]3([H])N2C(=O)[C@H](CCSCCCSCC[C@H](NC(=O)[C@H](CC2=CNC3=CC=CC=C23)NC(=O)[C@H](CCC(O)=O)NC(=O)[C@H](CC2=CNC3=CC=CC=C23)NC(=O)[C@H](CCCCCCCC)NC(=O)[C@H](CC(O)=O)NC1=O)C(=O)NCC(=O)N[C@@H](CC(C)C)C(=O)N[C@@H](CO)C(=O)N[C@@H](CC1=CN=CN1)C(=O)N[C@@H](CO)C(N)=O)NC(=O)[C@@H](NC(=O)[C@H](CC(C)(C)C)NC(=O)[C@H](CC1=CN=CN1)NC(=O)[C@@H](NC(=O)[C@H](CC1=CN=CN1)NC(=O)C[H])[C@@H](C)CC)[C@@H](C)O,1,1,,,,,,,,,,,,,,,,,sif_sgf_second.csv,True,False,True,False,30,30,.\raw.csv,0
477,[H]C[C@@H]1NC(=O)[C@@H]2C[C@]3([H])CCCC[C@]3([H])N2C(=O)[C@H](CCSCCCSCC[C@H](NC(=O)[C@H](CC2=CNC3=CC=CC=C23)NC(=O)[C@H](CC(O)=O)NC(=O)[C@H](CC2=CNC3=C2C=CC=C3C)NC(=O)[C@H](CCCCCCCC)NC(=O)[C@H](CC(O)=O)NC1=O)C(=O)N[C@@H](CC(N)=O)C(=O)N[C@H](CCCNC(N)=N)C(N)=O)NC(=O)[C@@H](NC(=O)[C@@H](NC(=O)[C@H](CC1=CN=CN1)NC(=O)[C@@H](NC(=O)[C@@H](NC(=O)C[H])C(C)(C)C)[C@@H](C)CC)C(C)(C)C)[C@@H](C)O,4,1,,,,,,,,,,,,,,,,,sif_sgf_second.csv,True,False,True,False,150,30,.\raw.csv,0
330,[H]NC(=O)C[C@H](NC(=O)[C@@H]1CCSC\C=C\CSCC[C@H](NC(=O)[C@@]([H])(NC(=O)[C@H](CC(C)(C)C)NC(=O)[C@H](CC2=CC=C(C=C2)C(N)=O)NC(=O)[C@@]([H])(NC(C)=O)[C@@H](C)CC)[C@@H](C)O[H])C(=O)N2C3CCCCC3C[C@H]2C(=O)N[C@@H](C)C(=O)N[C@@H](CC(C(O)=O)C(=O)N[C@@H](CCCCCCCC)C(=O)N[C@@H](CC2=CN([H])C3=C2C=CC=C3)C(=O)N[C@@H](CC(O)=O)C(=O)N[C@@H](CC2=CN([H])C3=C2C=CC=C3)C(=O)N1)C(O)=O)C(=O)N[C@H](CCCN=C(N)N[H])C(N)=O,4,1,,,,,,,,,,,,,,,,,sif_sgf_second.csv,True,False,True,False,150,30,.\raw.csv,0
68,[H]NCCCC[C@H](NC(=O)[C@@H]1CCCSSCCC[C@H](NC(=O)[C@@]([H])(NC(=O)[C@H](CC(C)(C)C)NC(=O)[C@@]([H])(NC(=O)[C@@]([H])(NC(C)=O)[C@@H](C)CC)[C@@H](C)O)[C@@H](C)O)C(=O)N2CCC[C@H]2C(=O)N[C@@H](C)C(=O)N[C@@H](CC(O)=O)C(=O)N[C@@H](CCCCCCCC)C(=O)N[C@@H](CC2=CNC3=C2C=CC=C3)C(=O)N[C@@H](CC(O)=O)C(=O)N[C@@H](CC2=CNC3=C2C=CC=C3)C(=O)N1)C(=O)N[C@H](CCCNC(N)=N)C(N)=O,1,1,,,,,,,,,,,,,,,,,sif_sgf_second.csv,True,False,True,True,30,30,.\raw.csv,0
269,[H][C@](NC(=O)[C@H](CC(C)(C)C)NC(=O)[C@H](CC1=CNC=N1)NC(=O)[C@@]([H])(NC(C)=O)[C@@H](C)CC)([C@@H](C)O)C(=O)N[C@H]1CCSCCCSCC[C@H](NC(=O)[C@H](CC2=CNC3=C2C=CC=C3)NC(=O)[C@H](CC(O)=O)NC(=O)[C@H](CC2=CNC3=C2C=CC=C3)NC(=O)[C@H](CCCCCCCC)NC(=O)[C@H](CC(O)=O)NC(=O)[C@H](C)NC(=O)[C@@H]2CC3CCCCC3N2C1=O)C(=O)N[C@@H](CC(N)=O)C(=O)N[C@H](CCCNC(N)=N)C(N)=O,3,4,,,,,,,,,,,,,,,,,sif_sgf_second.csv,True,False,True,False,105,150,.\raw.csv,0
439,[H]NC(C[C@@H](C(N[C@@H](C(N)=O)CCC/N=C(N[H])\N)=O)NC([C@@H]1CCCSSCCC[C@@H](C(N2C3CCCCC3C[C@H]2C(N[C@H](C(N[C@H](C(O)=O)CC(C(N[C@H](C(N[C@H](C(N[C@H](C(N[C@H](C(N1)=O)Cc4c5ccccc5n([H])c4)=O)CC(O)=O)=O)Cc6c7ccccc7n([H])c6)=O)CCCCCCCC)=O)C(O)=O)=O)C)=O)=O)NC([C@@](NC([C@H](C(C)C)NC([C@@H](NC([C@@](NC(C)=O)([C@H](CC)C)[H])=O)CCCC[N+](C)(C)C)=O)=O)([C@H](O[H])C)[H])=O)=O)=O,1,4,,,,,,,,,,,,,,,,,sif_sgf_second.csv,True,False,True,True,30,150,.\raw.csv,0
347,[H]NC(=O)C[C@H](NC(=O)[C@@H]1CSCC2=CC=CC(CSC[C@H](NC(=O)[C@@]([H])(NC(=O)[C@H](CC(C)(C)C)NC(=O)[C@H](CC3=CN=CC=C3)NC(=O)[C@@]([H])(NC(C)=O)[C@@H](C)CC)[C@@H](C)O[H])C(=O)N3C4CCCCC4C[C@H]3C(=O)N[C@@H](CC3=CN([H])C=N3)C(=O)N[C@@H](CC(O)=O)C(=O)N[C@@H](CCCCCCCC)C(=O)N[C@@H](CC3=CN([H])C4=C3C=CC=C4)C(=O)N[C@@H](CCC(O)=O)C(=O)N[C@@H](CC3=CN([H])C4=C3C=CC=C4)C(=O)N1)=C2)C(=O)N[C@H](CCCN=C(N)N[H])C(N)=O,3,1,,,,,,,,,,,,,,,,,sif_sgf_second.csv,True,False,True,False,105,30,.\raw.csv,0
601,[H]C[C@@H]1NC(=O)[C@@H]2C[C@]3([H])CCCC[C@]3([H])N2C(=O)[C@H](CCSCCCSCC[C@H](NC(=O)[C@H](CC2=CNC3=CC=CC=C23)NC(=O)[C@H](CCC(O)=O)NC(=O)[C@H](CC2=CNC3=CC=CC=C23)NC(=O)[C@H](CCCCCCCC)NC(=O)[C@H](CC(O)=O)NC1=O)C(=O)N[C@@H](CCC(N)=O)C(=O)N[C@H](CCCNC(N)=N)C(N)=O)NC(=O)[C@@H](NC(=O)[C@H](CC(C)(C)C)NC(=O)[C@H](CC1=CN=CN1)NC(=O)[C@@H](NC(=O)[C@@H](CC1=CN=CN1)NC(=O)C[H])C(C)C)[C@@H](C)O,4,4,,,,,,,,,,,,,,,,,sif_sgf_second.csv,True,False,True,False,150,150,.\raw.csv,0
705,[H]C[C@@H]1NC(=O)[C@@H]2C[C@]3([H])CCCC[C@]3([H])N2C(=O)[C@H](CCSCCCSCC[C@H](NC(=O)[C@H](CC2=CNC3=CC=CC=C23)NC(=O)[C@H](CCC(O)=O)NC(=O)[C@H](CC2=CNC3=CC=CC=C23)NC(=O)[C@H](CCCCCCCC)NC(=O)[C@H](CC(O)=O)NC1=O)C(=O)N[C@@H](CC(N)=O)C(=O)N[C@H](CCCNC(N)=N)C(N)=O)NC(=O)[C@@H](NC(=O)[C@H](CC(C)(C)C)NC(=O)[C@H](CC1=CN=CN1)NC(=O)[C@@H](NC(=O)CCCC(O)=O)[C@@H](C)CC)[C@@H](C)O,1,4,,,,,,,,,,,,,,,,,sif_sgf_second.csv,True,False,True,False,30,150,.\raw.csv,0
67,[H]NCCCC[C@H](NC(=O)[C@@H]1CCCSSCCC[C@H](NC(=O)[C@@]([H])(NC(=O)[C@H](CC(C)(C)C)NC(=O)[C@H](CC2=CNC=N2)NC(=O)[C@@]([H])(NC(C)=O)[C@@H](C)CC)[C@@H](C)O)C(=O)N2CCC[C@H]2C(=O)N[C@@H](C)C(=O)N[C@@H](CC(O)=O)C(=O)N[C@@H](CCCCCCCC)C(=O)N[C@@H](CC2=CNC3=C2C=CC=C3)C(=O)N[C@@H](CC(O)=O)C(=O)N[C@@H](CC2=CNC3=C2C=CC=C3)C(=O)N1)C(=O)N[C@H](CCCNC(N)=N)C(N)=O,1,1,,,,,,,,,,,,,,,,,sif_sgf_second.csv,True,False,True,True,30,30,.\raw.csv,0
450,[H]C[C@@H]1NC(=O)[C@@H]2C[C@]3([H])CCCC[C@]3([H])N2C(=O)[C@H](CCSCCCSCC[C@H](NC(=O)[C@H](CC2=CNC3=CC=CC=C23)NC(=O)[C@H](CC(O)=O)NC(=O)[C@H](CC2=CNC3=CC=CC=C23)NC(=O)[C@H](CCCCCCCC)NC(=O)[C@H](CC(O)=O)NC1=O)C(=O)N[C@@H](CC(N)=O)C(=O)N[C@H](CCCNC(N)=N)C(N)=O)NC(=O)[C@H](CC(N)=O)NC(=O)[C@@H](NC(=O)[C@H](CC1=CN=CN1)NC(=O)[C@@H](NC(=O)[C@H](CCC(O)=O)NC(=O)C[H])[C@@H](C)CC)C(C)(C)C,4,1,,,,,,,,,,,,,,,,,sif_sgf_second.csv,True,False,True,False,150,30,.\raw.csv,0
689,[H]C[C@@H]1NC(=O)[C@@H]2C[C@]3([H])CCCC[C@]3([H])N2C(=O)[C@H](CCSCCCSCC[C@H](NC(=O)[C@H](CC2=CNC3=CC=CC=C23)NC(=O)[C@H](CCC(O)=O)NC(=O)[C@H](CC2=CNC3=CC=CC=C23)NC(=O)[C@H](CCCCCCCC)NC(=O)[C@H](CC(O)=O)NC1=O)C(=O)N[C@@H](CC(N)=O)C(=O)N[C@@H](CCC(N)=O)C(=O)N[C@@H](CCCC(O)=O)C(N)=O)NC(=O)[C@@H](NC(=O)[C@H](CC(C)(C)C)NC(=O)[C@H](CC1=CN=CN1)NC(=O)[C@H](CCCCC1=CC=CC=C1)NC(=O)[C@@H](CC1=CN=CN1)NC(=O)CC(C)C)[C@@H](C)O,4,4,,,,,,,,,,,,,,,,,sif_sgf_second.csv,True,False,True,False,150,150,.\raw.csv,0
672,[H]C[C@@H]1NC(=O)[C@@H]2C[C@]3([H])CCCC[C@]3([H])N2C(=O)[C@H](CCC\C=C/CCC[C@@H]2NC(=O)[C@H](CC3=CNC4=CC=CC=C34)NC(=O)[C@H](CCC(O)=O)NC(=O)[C@H](CSCC3=C(CSC[C@H](NC2=O)C(=O)N[C@H](CCCNC(N)=N)C(N)=O)C=CC=C3)NC(=O)[C@H](CCCCCCCC)NC(=O)[CH](CC(O)=O)NC1=O)NC(=O)[C@@H](NC(=O)[C@@H](CC(C)(C)C)NC(=O)[C@H](CC1=CN=CN1)NC(=O)[C@@H](NC(=O)[C@H](CC1=CN=CN1)NC(=O)C[H])[C@@H](C)CC)[C@@H](C)O,4,4,,,,,,,,,,,,,,,,,sif_sgf_second.csv,True,False,True,False,150,150,.\raw.csv,0
709,[H]C[C@@H]1NC(=O)[C@@H]2C[C@]3([H])CCCC[C@]3([H])N2C(=O)[C@H](CCSCCCSCC[C@H](NC(=O)[C@H](CC2=CNC3=CC=CC=C23)NC(=O)[C@H](CCC(O)=O)NC(=O)[C@H](CC2=CNC3=CC=CC=C23)NC(=O)[C@H](CCCCCCCCCC)NC(=O)[C@H](CC(O)=O)NC1=O)C(=O)N[C@@H](CC(N)=O)C(=O)N[C@H](CCCNC(N)=N)C(N)=O)NC(=O)[C@@H](NC(=O)[C@H](CC(C)(C)C)NC(=O)[C@H](CC1=CN=CN1)NC(=O)[C@@H](NC(=O)[C@H](CCC(O)=O)NC(=O)CCN[H])[C@@H](C)CC)[C@@H](C)O,4,4,,,,,,,,,,,,,,,,,sif_sgf_second.csv,True,False,True,False,150,150,.\raw.csv,0
597,[H]C[C@@H]1NC(=O)[C@@H]2C[C@]3([H])CCCC[C@]3([H])N2C(=O)[C@H](CCSCCCSCC[C@H](NC(=O)[C@H](CC2=CNC3=CC=CC=C23)NC(=O)[C@H](CCC(O)=O)NC(=O)[C@H](CC2=CNC3=CC=CC=C23)NC(=O)[C@H](CCCCCCCC)NC(=O)[C@H](CC(O)=O)NC1=O)C(=O)N[C@@H](CC(N)=O)C(=O)N[C@H](CCCNC(N)=N)C(N)=O)NC(=O)[C@@H](NC(=O)[C@H](CC(C)(C)C)NC(=O)[C@H](CC1=CN=CN1)NC(=O)[C@@H](NC(=O)[C@H](CCC(=O)OC)NC(=O)C[H])C(C)C)[C@@H](C)O,2,4,,,,,,,,,,,,,,,,,sif_sgf_second.csv,True,False,True,False,75,150,.\raw.csv,0
11,CC[C@H](C)[C@H](NC(C)=O)C(=O)N[C@@H](CC1=CN=CN1)C(=O)N[C@@H](C(C)C)C(=O)N[C@@H]([C@@H](C)O)C(=O)N[C@@H]([C@@H](C)CC)C(=O)N1CCC[C@H]1C(=O)N[C@H]1CSCC2=CC=C(CSC[C@H](NC(=O)[C@H](CC3=CNC4=CC=CC=C34)NC(=O)[C@H](CC(C)C)NC(=O)[C@H](CC(O)=O)NC1=O)C(=O)N[C@@H](CC1=CNC3=CC=CC=C13)C(=O)N[C@@H]([C@@H](C)CC)C(=O)N[C@@H](CC(N)=O)C(N)=O)C=C2,1,1,,,,,,,,,,,,,,,,,sif_sgf_second.csv,True,False,True,False,30,30,.\raw.csv,0
684,[H]C[C@@H]1NC(=O)[C@@H]2C[C@]3([H])CCCC[C@]3([H])N2C(=O)[C@H](CCSCCCSCC[C@H](NC(=O)[C@H](CC2=CNC3=CC=CC=C23)NC(=O)[C@H](CCC(O)=O)NC(=O)[C@H](CC2=CNC3=CC=CC=C23)NC(=O)[CH](CCCCCCCC)NC(=O)[C@H](CC(O)=O)NC1=O)C(=O)N[C@@H](CC(N)=O)C(=O)N[C@H](CCCNC(N)=N)C(N)=O)NC(=O)[C@@H](NC(=O)[C@H](CC(C)(C)C)NC(=O)[C@H](CC1=CC=CC=N1)NC(=O)[C@@H](NC(=O)[C@H](CC1=CN=CN1)NC(=O)C[H])[C@@H](C)CC)[C@@H](C)O,4,4,,,,,,,,,,,,,,,,,sif_sgf_second.csv,True,False,True,False,150,150,.\raw.csv,0
445,[H]C[C@@H]1NC(=O)[C@@H]2C[C@]3([H])CCCC[C@]3([H])N2C(=O)[C@H](CCSCCCSCC[C@H](NC(=O)[C@H](CC2=CNC3=CC=CC=C23)NC(=O)[C@H](CC(O)=O)NC(=O)[C@H](CC2=CNC3=CC=CC=C23)NC(=O)[C@H](CCCCCCCC)NC(=O)[C@H](CC(O)=O)NC1=O)C(=O)N[C@@H](CC(N)=O)C(=O)N[C@H](CCCNC(N)=N)C(N)=O)NC(=O)[C@@H](NC(=O)[C@@H](NC(=O)[C@H](CC1=CN=CN1)NC(=O)[C@@H](NC(=O)[C@H](CC1=CN=CN1)NC(=O)C[H])[C@@H](C)CC)C(C)(C)C)[C@@H](C)O,4,2,,,,,,,,,,,,,,,,,sif_sgf_second.csv,True,False,True,False,150,75,.\raw.csv,0
688,[H]C[C@@H]1NC(=O)[C@@H]2C[C@]3([H])CCCC[C@]3([H])N2C(=O)[C@H](CCSCCCSCC[C@H](NC(=O)[C@H](CC2=CNC3=CC=CC=C23)NC(=O)[C@H](CCC(O)=O)NC(=O)[C@H](CC2=CNC3=CC=CC=C23)NC(=O)[C@H](CCCCCCCC)NC(=O)[C@H](CC(O)=O)NC1=O)C(=O)N[C@@H](CC(N)=O)C(=O)N[C@H](CCC(N)=O)C(=O)N[C@H](CCC(O)=O)C(N)=O)NC(=O)[C@@H](NC(=O)[C@H](CC(C)(C)C)NC(=O)[C@H](CC1=CN=CN1)NC(=O)[C@@H](NC(=O)[C@@H](CC1=CN=CN1)NC(=O)CC(C)C)[C@@H](C)CC)[C@@H](C)O,4,4,,,,,,,,,,,,,,,,,sif_sgf_second.csv,True,False,True,False,150,150,.\raw.csv,0
704,[H]C[C@@H]1NC(=O)[C@@H]2C[C@]3([H])CCCC[C@]3([H])N2C(=O)[C@H](CCC\C=C/CCCC[C@H](NC(=O)[C@H](CC2=CNC3=CC=CC=C23)NC(=O)[C@H](CCC(O)=O)NC(=O)[C@H](CC2=CNC3=CC=CC=C23)NC(=O)[C@H](CCCCCCCCCC)NC(=O)[C@H](CC(O)=O)NC1=O)C(=O)N[C@@H](CC(N)=O)C(=O)N[C@H](CCCNC(N)=N)C(N)=O)NC(=O)[C@@H](NC(=O)[C@H](CC(C)(C)C)NC(=O)[C@H](CC1=CN=CN1)NC(=O)[C@@H](NC(=O)[C@H](CCC(O)=O)NC(=O)C[H])[C@@H](C)CC)[C@@H](C)O,4,3,,,,,,,,,,,,,,,,,sif_sgf_second.csv,True,False,True,False,150,105,.\raw.csv,0
379,[H]C[C@@H]1NC(=O)[C@@H]2C[C@]3([H])CCCC[C@]3([H])N2C(=O)[C@H](CCSC\C=C\CSCC[C@H](NC(=O)[C@H](CC2=CNC3=CC=CC=C23)NC(=O)[C@H](CC(O)=O)NC(=O)[C@H](CC2=CNC3=CC=CC=C23)NC(=O)[C@H](CCCCCCCC)NC(=O)[C@H](CC(O)=O)NC1=O)C(=O)N[C@@H](CC(N)=O)C(=O)N[C@H](CCCNC(N)=N)C(N)=O)NC(=O)[C@@H](NC(=O)[C@@H](NC(=O)[C@H](CC1=CN=CN1)NC(=O)[C@@H](NC(=O)[C@H](CCC(O)=O)NC(=O)C[H])[C@@H](C)CC)C(C)(C)C)[C@@H](C)O,3,1,,,,,,,,,,,,,,,,,sif_sgf_second.csv,True,False,True,False,105,30,.\raw.csv,0
587,[H]C[C@@H]1NC(=O)[C@@H]2C[C@]3([H])CCCC[C@]3([H])N2C(=O)[C@H](CCC\C=C/CCC[C@H](NC(=O)[C@H](CC2=CNC3=CC=CC=C23)NC(=O)[C@H](CCC(O)=O)NC(=O)[C@H](CC2=CNC3=CC=CC=C23)NC(=O)[C@H](CCCCCCCC)NC(=O)[C@H](CC(O)=O)NC1=O)C(=O)N[C@@H](CCCCNC(=O)C[H])C(=O)N[C@H](CCCNC(N)=N)C(N)=O)NC(=O)[C@@H](NC(=O)[C@H](CC(C)(C)C)NC(=O)[C@H](CC1=CN=CN1)NC(=O)[C@@H](NC(=O)[C@H](CC1=CN=CN1)NC(=O)C[H])[C@@H](C)CC)[C@@H](C)O,4,4,,,,,,,,,,,,,,,,,sif_sgf_second.csv,True,False,True,False,150,150,.\raw.csv,0
379,[H]C[C@@H]1NC(=O)[C@@H]2C[C@]3([H])CCCC[C@]3([H])N2C(=O)[C@H](CCSCCCSCC[C@H](NC(=O)[C@H](CC2=CNC3=CC=CC=C23)NC(=O)[C@H](CC(O)=O)NC(=O)[C@H](CC2=CNC3=CC=CC=C23)NC(=O)[C@H](CCCCCCCC)NC(=O)[C@H](CC(O)=O)NC1=O)C(=O)N[C@@H](CC(N)=O)C(=O)N[C@H](CCCNC(N)=N)C(N)=O)NC(=O)[C@@H](NC(=O)[C@@H](NC(=O)[C@H](CC1=CN=CN1)NC(=O)[C@@H](NC(=O)[C@H](CCC(O)=O)NC(=O)C[H])[C@@H](C)CC)C(C)(C)C)[C@@H](C)O,1,1,,,,,,,,,,,,,,,,,sif_sgf_second.csv,True,False,True,False,30,30,.\raw.csv,0
594,[H]C[C@@H]1NC(=O)[C@@H]2C[C@]3([H])CCCC[C@]3([H])N2C(=O)[C@H](CCSCCCSCC[C@H](NC(=O)[C@H](CC2=CNC3=CC=CC=C23)NC(=O)[C@H](CCC(O)=O)NC(=O)[C@H](CC2=CNC3=C2C=CC=C3C2=CC=CC=C2)NC(=O)[C@H](CCCCCCCC)NC(=O)[C@H](CC(O)=O)NC1=O)C(=O)N[C@@H](CC(N)=O)C(=O)N[C@H](CCCNC(N)=N)C(N)=O)NC(=O)[C@H](CC(N)=O)NC(=O)[C@H](CCCCCCCC)NC(=O)[C@H](CC1=CN=CN1)NC(=O)[C@@H](NC(=O)[C@H](CC1=CN=CN1)NC(=O)C[H])[C@@H](C)CC,4,2,,,,,,,,,,,,,,,,,sif_sgf_second.csv,True,False,True,False,150,75,.\raw.csv,0
3,CC[C@H](C)[C@H](NC(C)=O)C(=O)N[C@@H](CC1=CN=CN1)C(=O)N[C@@H](C(C)C)C(=O)N[C@@H]([C@@H](C)O)C(=O)N[C@@H]([C@@H](C)CC)C(=O)N1CCC[C@H]1C(=O)N[C@@H](C)C(=O)N[C@@H](CC(O)=O)C(=O)N[C@@H](CC(C)C)C(=O)N[C@@H](CC1=CNC2=CC=CC=C12)C(=O)N[C@@H](CC(O)=O)C(=O)N[C@@H](CC1=CNC2=CC=CC=C12)C(=O)N[C@@H]([C@@H](C)CC)C(=O)N[C@@H](CC(N)=O)C(N)=O,1,1,,,,,,,,,,,,,,,,,sif_sgf_second.csv,True,False,True,False,30,30,.\raw.csv,0
398,[H]CC(=O)N[C@@H]([C@@H](C)CC)C(=O)N[C@@H](CCC(N)=O)C(=O)N[C@@H](C(C)C)C(=O)N[C@@H]([C@@H](C)O)C(=O)N[C@@H]([C@@H](C)CC)C(=O)N1[C@@H](C[C@]2([H])CCCC[C@]12[H])C(=O)N[C@@]1(C)CCC\C=C\CCC[C@](C)(NC(=O)[C@H](CC2=CNC3=CC=CC=C23)NC(=O)[C@H](CCCCCCCC)NC(=O)[C@H](CC(C(O)=O)C(O)=O)NC1=O)C(=O)N[C@@H](CC1=CNC2=CC=CC=C12)C(=O)N[C@@H]([C@@H](C)CC)C(=O)N[C@@H](CC(N)=O)C(=O)N[C@H](CCCNC(N)=N)C(N)=O,2,3,,,,,,,,,,,,,,,,,sif_sgf_second.csv,True,False,True,False,75,105,.\raw.csv,0
443,[H]C[C@@H]1NC(=O)[C@@H]2C[C@]3([H])CCCC[C@]3([H])N2C(=O)[C@H](CCSCCCSCC[C@H](NC(=O)[C@H](CC2=CNC3=CC=CC=C23)NC(=O)[C@H](CC(O)=O)NC(=O)[C@H](CC2=CNC3=CC=CC=C23)NC(=O)[C@H](CCCCCCCC)NC(=O)[C@H](CC(O)=O)NC1=O)C(=O)N[C@@H](CC(N)=O)C(=O)N[C@H](CCCNC(N)=N)C(N)=O)NC(=O)[C@@H](NC(=O)[C@@H](NC(=O)[C@H](CC1=CN=CN1)NC(=O)[C@@H](NC(=O)[C@H](CC(N)=O)NC(=O)C[H])[C@@H](C)CC)C(C)(C)C)[C@@H](C)O,1,1,,,,,,,,,,,,,,,,,sif_sgf_second.csv,True,False,True,False,30,30,.\raw.csv,0
700,[H]C[C@@H]1NC(=O)[C@@H]2C[C@]3([H])CCCC[C@]3([H])N2C(=O)[C@H](CCCC=CCCCC[C@H](NC(=O)[C@H](CC2=CNC3=CC=CC=C23)NC(=O)[C@H](CCC(O)=O)NC(=O)[C@H](CC2=CNC3=CC=CC=C23)NC(=O)[C@H](CCCCCCCCCC)NC(=O)[C@H](CC(O)=O)NC1=O)C(=O)N[C@@H](CC(N)=O)C(=O)N[C@H](CCCNC(N)=N)C(N)=O)NC(=O)[C@@H](NC(=O)[C@H](CC(C)(C)C)NC(=O)[C@H](CC1=CN=CN1)NC(=O)[C@@H](NC(=O)[C@H](CCC(O)=O)NC(=O)CC(C)C)[C@@H](C)CC)[C@@H](C)O,4,4,,,,,,,,,,,,,,,,,sif_sgf_second.csv,True,False,True,False,150,150,.\raw.csv,0
50,[H]CC(=O)N[C@@H]([C@@H](C)CC)C(=O)N[C@@H]([C@@H](C)O)C(=O)N[C@@H](CC(C)(C)C)C(=O)N[C@@H]([C@@H](C)O)C(=O)N[C@@H]([C@@H](C)CC)C(=O)N1CC([H])C[C@H]1C(=O)N[C@@]1(C)CCC\C=C\CCC[C@](C)(NC(=O)[C@H](CC2=CNC3=CC=CC=C23)NC(=O)[C@H](CCCCCCCC)NC(=O)[C@H](CC(O)=O)NC1=O)C(=O)N[C@@H](CC1=CNC2=CC=CC=C12)C(=O)N[C@@H]([C@@H](C)CC)C(=O)N[C@@H](CC(N)=O)C(=O)N[C@H](CCCNC(N)=N)C(N)=O,4,4,,,,,,,,,,,,,,,,,sif_sgf_second.csv,True,False,True,False,150,150,.\raw.csv,0
673,[H]C[C@@H]1NC(=O)[C@@H]2C[C@]3([H])CCCC[C@]3([H])N2C(=O)[C@H](CCSCCCSCC[C@H](NC(=O)[C@H](CC2=CNC3=CC=CC=C23)NC(=O)[C@H](CCC(O)=O)NC(=O)[C@H](CC2=CNC3=CC=CC=C23)NC(=O)[C@H](CCCCCCCC)NC(=O)[C@H](CC(O)=O)NC1=O)C(=O)N[C@@H](CC(N)=O)C(=O)N[C@H](CCCNC(N)=N)C(N)=O)NC(=O)[C@@H](NC(=O)[C@H](CC(C)(C)C)NC(=O)[C@H](CC1=CN=CN1)NC(=O)[C@H](CC1=CC=CC=C1)NC(=O)[C@H](CCC1=CN=CN1)NC(=O)C[H])[C@@H](C)O,4,4,,,,,,,,,,,,,,,,,sif_sgf_second.csv,True,False,True,False,150,150,.\raw.csv,0
6,CC[C@H](C)[C@H](NC(C)=O)C(=O)N[C@@H](CC1=CN=CN1)C(=O)N[C@@H](C(C)C)C(=O)N[C@@H]([C@@H](C)O)C(=O)N[C@@H]([C@@H](C)CC)C(=O)N1CCC[C@H]1C(=O)N[C@@H](C)C(=O)N[C@@H](CC(O)=O)C(=O)N[C@@H](CC(C)C)C(=O)N[C@@H](CC1=CNC2=CC=CC=C12)C(=O)N[C@@H](CC(O)=O)C(=O)N[C@@H](CC1=CNC2=CC=CC=C12)C(=O)N[C@@H]([C@@H](C)CC)C(=O)N[C@@H](CC(N)=O)C(=O)N[C@H](CCCNC(N)=N)C(N)=O,1,1,,,,,,,,,,,,,,,,,sif_sgf_second.csv,True,False,True,False,30,30,.\raw.csv,0
63,[H]CC(=O)N[C@@H]([C@@H](C)CC)C(=O)N[C@@H]([C@@H](C)O)C(=O)N[C@@H](CC(C)(C)C)C(=O)N[C@@H]([C@@H](C)O)C(=O)N[C@@H]([C@@H](C)CC)C(=O)N1CC[C@H]1C(=O)N[C@H]1CSCC(=O)NCCCC[C@H](NC(=O)[C@H](CC2=CNC3=CC=CC=C23)NC(=O)[C@H](CCCCCCCC)NC(=O)[C@H](CC(O)=O)NC1=O)C(=O)N[C@@H](CC1=CNC2=CC=CC=C12)C(=O)N[C@@H](CC1CCCCC1)C(=O)N[C@@H](CCCCN[H])C(=O)N[C@H](CCCNC(N)=N)C(N)=O,1,1,,,,,,,,,,,,,,,,,sif_sgf_second.csv,True,False,True,False,30,30,.\raw.csv,0
453,[H]C[C@@H]1NC(=O)[C@@H]2C[C@]3([H])CCCC[C@]3([H])N2C(=O)[C@H](CCSCCCSCC[C@H](NC(=O)[C@H](CC2=CNC3=CC=CC=C23)NC(=O)[C@H](CC(O)=O)NC(=O)[C@H](CC2=CNC3=CC=CC=C23)NC(=O)[C@H](CCCCCCCC)NC(=O)[C@H](CC(O)=O)NC1=O)C(=O)N[C@@H](CC(N)=O)C(=O)N[C@H](CCCNC(N)=N)C(N)=O)NC(=O)[C@H](CCC(O)=O)NC(=O)[C@@H](NC(=O)[C@H](CC1=CN=CN1)NC(=O)[C@@H](NC(=O)[C@@H](NC(=O)C[H])C(C)(C)C)[C@@H](C)CC)C(C)(C)C,4,1,,,,,,,,,,,,,,,,,sif_sgf_second.csv,True,False,True,False,150,30,.\raw.csv,0
33,[H][C@](NC(=O)[C@@H](NC(=O)[C@@]([H])(NC(=O)[C@@]([H])(NC(C)=O)[C@@H](C)CC)[C@@H](C)O)C(C)C)([C@@H](C)O)C(=O)N[C@@]([H])([C@@H](C)CC)C(=O)N1CCC[C@H]1C(=O)N[C@H]1CSCC2=CC(CSC[C@H](NC(=O)[C@H](CC3=CNC4=C3C=CC=C4)NC(=O)[C@H](CC(C)C)NC(=O)C(C[C@H](NC1=O)C(O)=O)C(O)=O)C(=O)N[C@@H](CC1=CNC3=C1C=CC=C3)C(=O)N[C@@]([H])([C@@H](C)CC)C(=O)N[C@@H](CC(N)=O)C(=O)N[C@H](CCCNC(N)=N)C(N)=O)=CC=C2,1,1,,,,,,,,,,,,,,,,,sif_sgf_second.csv,True,False,True,False,30,30,.\raw.csv,0
292,[H]C[C@@H]1NC(=O)[C@@H]2C[C@]3([H])CCCC[C@]3([H])N2C(=O)[C@H](CCCSSCCC[C@H](NC(=O)[C@H](CC2=CNC3=CC=C(C)C=C23)NC(=O)[C@H](CC(O)=O)NC(=O)[C@H](CC2=CNC3=CC=CC=C23)NC(=O)[C@H](CCCCCCCC)NC(=O)[C@H](CC(C(O)=O)C(O)=O)NC1=O)C(=O)N[C@@H](CC(N)=O)C(=O)N[C@H](CCCNC(N)=N)C(N)=O)NC(=O)[C@@H](NC(=O)[C@H](CC(C)(C)C)NC(=O)[C@H](CC1=CN=CN1)NC(=O)[C@@H](NC(=O)C[H])[C@@H](C)CC)[C@@H](C)O,4,4,,,,,,,,,,,,,,,,,sif_sgf_second.csv,True,False,True,True,150,150,.\raw.csv,0
508,[H]C[C@@H]1NC(=O)[C@@H]2C[C@]3([H])CCCC[C@]3([H])N2C(=O)[C@H](CCSCCCSCC[C@H](NC(=O)[C@H](CC2=CNC3=CC=CC=C23)NC(=O)[C@H](CC(O)=O)NC(=O)[C@H](CC2=CNC3=CC=CC=C23)NC(=O)[C@H](CCCCCCCC)NC(=O)[C@H](CC(O)=O)NC1=O)C(=O)N[C@@H](CC(N)=O)C(=O)N[C@H](CCCNC(N)=N)C(N)=O)NC(=O)[C@@H](NC(=O)[C@H](CC(C)(C)C)NC(=O)[C@H](CC1=CN=CN1)NC(=O)[C@@H](NC(=O)[C@@H](CCC(O)=O)NC(=O)C[H])[C@@H](C)CC)[C@@H](C)O,1,3,,,,,,,,,,,,,,,,,sif_sgf_second.csv,True,False,True,False,30,105,.\raw.csv,0
336,[H][C@](NC(=O)[C@H](CC(C)(C)C)NC(=O)[C@H](CC1=CNC=N1)NC(=O)[C@@]([H])(NC(C)=O)[C@@H](C)CC)([C@@H](C)O)C(=O)N[C@H]1CCSCCCSCC[C@H](NC(=O)[C@H](CC2=CNC3=C2C=CC=C3)NC(=O)[C@H](CC(O)=O)NC(=O)[C@H](CC2=CNC3=C2C=CC=C3C2=CC=CC=C2)NC(=O)[C@H](CCCCCCCC)NC(=O)[C@H](CC(O)=O)NC(=O)[C@H](C)NC(=O)[C@@H]2CC3CCCCC3N2C1=O)C(=O)N[C@@H](CC(N)=O)C(=O)N[C@H](CCCNC(N)=N)C(N)=O,4,4,,,,,,,,,,,,,,,,,sif_sgf_second.csv,True,False,True,False,150,150,.\raw.csv,0
452,[H]C[C@@H]1NC(=O)[C@@H]2C[C@]3([H])CCCC[C@]3([H])N2C(=O)[C@H](CCSCCCSCC[C@H](NC(=O)[C@H](CC2=CNC3=CC=CC=C23)NC(=O)[C@H](CC(O)=O)NC(=O)[C@H](CC2=CNC3=CC=CC=C23)NC(=O)[C@H](CCCCCCCC)NC(=O)[C@H](CC(O)=O)NC1=O)C(=O)N[C@@H](CC(N)=O)C(=O)N[C@H](CCCNC(N)=N)C(N)=O)NC(=O)[C@H](CC(N)=O)NC(=O)[C@@H](NC(=O)[C@H](CC1=CN=CN1)NC(=O)[C@@H](NC(=O)[C@@H](NC(=O)C[H])C(C)(C)C)[C@@H](C)CC)C(C)(C)C,4,4,,,,,,,,,,,,,,,,,sif_sgf_second.csv,True,False,True,False,150,150,.\raw.csv,0
16,[H]C[C@H](NC(=O)[C@@H]1CC([H])CN1C(=O)[C@@H](NC(=O)[C@@H](NC(=O)[C@@H](NC(=O)[C@H](CCCCNC(=O)COCCOCCNC(=O)COCCOCCNC(=O)CC[C@H](NC(=O)CCCCCCCCCCC)C(O)=O)NC(=O)[C@@H](NC(=O)C[H])[C@@H](C)CC)C(C)C)[C@@H](C)O)[C@@H](C)CC)C(=O)N[C@@H](CC(O)=O)C(=O)N[C@@H](CC(C)C)C(=O)N[C@@H](CC1=CNC2=CC=CC=C12)C(=O)N[C@@H](CC(O)=O)C(=O)N[C@@H](CC1=CNC2=CC=CC=C12)C(=O)N[C@@H]([C@@H](C)CC)C(=O)N[C@@H](CCCCN[H])C(=O)N[C@H](CCCNC(N)=N)C(N)=O,1,1,,,,,,,,,,,,,,,,,sif_sgf_second.csv,True,False,True,False,30,30,.\raw.csv,0
481,[H]C[C@@H]1NC(=O)[C@@H]2C[C@]3([H])CCCC[C@]3([H])N2C(=O)[C@H](CCSCCCSCC[C@H](NC(=O)[C@H](CC2=CNC3=CC=CC=C23)NC(=O)[C@H](CC(O)=O)NC(=O)[C@](C)(CC2=CC=CC=C2)NC(=O)[C@H](CCCCCCCC)NC(=O)[C@H](CC(O)=O)NC1=O)C(=O)N[C@@H](CC(N)=O)C(=O)N[C@H](CCCNC(N)=N)C(N)=O)NC(=O)[C@@H](NC(=O)[C@@H](NC(=O)[C@H](CC1=CN=CN1)NC(=O)[C@@H](NC(=O)[C@@H](NC(=O)C[H])C(C)(C)C)[C@@H](C)CC)C(C)(C)C)[C@@H](C)O,4,1,,,,,,,,,,,,,,,,,sif_sgf_second.csv,True,False,True,False,150,30,.\raw.csv,0
344,[H]NC(=O)C[C@H](NC(=O)[C@@H]1CSCC2=CC=CC(CSC[C@H](NC(=O)[C@@]([H])(NC(=O)[C@H](CC(C)(C)C)NC(=O)[C@H](CC3=CN=CC=C3)NC(=O)[C@@]([H])(NC(C)=O)[C@@H](C)CC)[C@@H](C)O[H])C(=O)N3C4CCCCC4C[C@H]3C(=O)N[C@@H](CC3=CN([H])C=N3)C(=O)N[C@@H](CC(C(O)=O)C(=O)N[C@@H](CCCCCCCC)C(=O)N[C@@H](CC3=CN([H])C4=C3C=CC=C4)C(=O)N[C@@H](CCC(O)=O)C(=O)N[C@@H](CC3=CN([H])C4=C3C=CC=C4)C(=O)N1)C(O)=O)=C2)C(=O)N[C@H](CCCN=C(N)N[H])C(N)=O,4,1,,,,,,,,,,,,,,,,,sif_sgf_second.csv,True,False,True,False,150,30,.\raw.csv,0
268,[H]NC(=O)C[C@H](NC(=O)[C@@H]1CCSC\C=C\CSCC[C@H](NC(=O)[C@@]([H])(NC(=O)[C@H](CC(C)(C)C)NC(=O)[C@H](CC2=CN([H])C=N2)NC(=O)[C@@]([H])(NC(C)=O)[C@@H](C)CC)[C@@H](C)O[H])C(=O)N2C3CCCCC3C[C@H]2C(=O)N[C@@H](CC2=CN([H])C=N2)C(=O)N[C@@H](CC(C(O)=O)C(=O)N[C@@H](CCCCCCCC)C(=O)N[C@@H](CC2=CN([H])C3=C2C=CC=C3)C(=O)N[C@@H](CCC(O)=O)C(=O)N[C@@H](CC2=CN([H])C3=C2C=CC=C3)C(=O)N1)C(O)=O)C(=O)N[C@H](CCCN=C(N)N[H])C(N)=O,4,2,,,,,,,,,,,,,,,,,sif_sgf_second.csv,True,False,True,False,150,75,.\raw.csv,0
440,[H]NC(=O)C[C@H](NC(=O)[C@@H]1CCCSSCCC[C@H](NC(=O)[C@@]([H])(NC(=O)[C@@H](NC(=O)[C@H](CCCC[N+](C)(C)C)NC(=O)[C@@]([H])(NC(=O)[C@H](CCC(O)=O)NC(C)=O)[C@@H](C)CC)C(C)C)[C@@H](C)O[H])C(=O)N2C3CCCCC3C[C@H]2C(=O)N[C@@H](C)C(=O)N[C@@H](CC(C(O)=O)C(=O)N[C@@H](CCCCCCCC)C(=O)N[C@@H](CC2=CN([H])C3=C2C=CC=C3)C(=O)N[C@@H](CC(O)=O)C(=O)N[C@@H](CC2=CN([H])C3=C2C=CC=C3)C(=O)N1)C(O)=O)C(=O)N[C@H](CCCN=C(N)N[H])C(N)=O,1,1,,,,,,,,,,,,,,,,,sif_sgf_second.csv,True,False,True,True,30,30,.\raw.csv,0
397,[H]CC(=O)N[C@@H]([C@@H](C)CC)C(=O)N[C@@H](CC1=CN=CN1)C(=O)N[C@@H](CC(C)(C)C)C(=O)N[C@@H]([C@@H](C)O)C(=O)N[C@@H]([C@@H](C)CC)C(=O)N1[C@@H](C[C@]2([H])CCCC[C@]12[H])C(=O)N[C@@]1(C)CCC\C=C\CCC[C@](C)(NC(=O)[C@H](CC2=CNC3=CC=CC=C23)NC(=O)[C@H](CCCCCCCC)NC(=O)[C@H](CC(C(O)=O)C(O)=O)NC1=O)C(=O)N[C@@H](CC1=CNC2=CC=CC=C12)C(=O)N[C@@H]([C@@H](C)CC)C(=O)N[C@@H](CC(N)=O)C(=O)N[C@H](CCCNC(N)=N)C(N)=O,4,4,,,,,,,,,,,,,,,,,sif_sgf_second.csv,True,False,True,False,150,150,.\raw.csv,0
64,[H]C[C@H](NC(=O)[C@@H]1CC([H])CN1C(=O)[C@@H](NC(=O)[C@@H](NC(=O)[C@H](CC(C)(C)C)NC(=O)[C@@H](NC(=O)[C@@H](NC(=O)C[H])[C@@H](C)CC)[C@@H](C)O)[C@@H](C)O)C1CCCCC1)C(=O)N[C@@H](CC(O)=O)C(=O)N[C@@H](CCCCCCCC)C(=O)N[C@H]1CSCC(=O)NCCCC[C@H](NC(=O)[C@@H](NC(=O)[C@H](CC2=CNC3=CC=CC=C23)NC(=O)[C@H](CC(O)=O)NC1=O)[C@@H](C)CC)C(=O)N[C@H](CCCNC(N)=N)C(=O)N[C@@H](CCCCN[H])C(N)=O,4,1,,,,,,,,,,,,,,,,,sif_sgf_second.csv,True,False,True,False,150,30,.\raw.csv,0
89,[H]CC(=O)N[C@@H]([C@@H](C)CC)C(=O)N[C@@H]([C@@H](C)O)C(=O)N[C@@H](CC(C)(C)C)C(=O)N[C@@H]([C@@H](C)O)C(=O)N[C@@H]([C@@H](C)CC)C(=O)N1CC([H])C[C@H]1C(=O)N[C@@]1(C)CCC\C=C\CCC[C@](C)(NC(=O)[C@H](CC2=CNC3=CC=CC=C23)NC(=O)[C@H](CCCCCCCC)NC(=O)[C@H](CC(O)=O)NC1=O)C(=O)N[C@@H](CC1=CNC2=CC=CC=C12)C(=O)N[C@@H]([C@@H](C)CC)C(=O)N[C@@H](CC(N)=O)C(=O)N[C@H](CCCNC(N)=N)C(=O)N[C@@H](CCCCN[H])C(N)=O,4,4,,,,,,,,,,,,,,,,,sif_sgf_second.csv,True,False,True,False,150,150,.\raw.csv,0
699,[H]C[C@@H]1NC(=O)[C@@H]2C[C@]3([H])CCCC[C@]3([H])N2C(=O)[C@H](CCCC=CCCCC[C@H](NC(=O)[C@H](CC2=CNC3=CC=CC=C23)NC(=O)[C@H](CCC(O)=O)NC(=O)[C@H](CC2=CNC3=CC=CC=C23)NC(=O)[C@H](CCCCCCCCCC)NC(=O)[C@H](CC(O)=O)NC1=O)C(=O)N[C@@H](CC(N)=O)C(=O)N[C@H](CCCNC(N)=N)C(N)=O)NC(=O)[C@@H](NC(=O)[C@@H](NC(=O)[C@H](CC1=CN=CN1)NC(=O)[C@@H](NC(=O)[C@H](CCC(O)=O)NC(=O)CC(C)C)[C@@H](C)CC)C(C)(C)C)[C@@H](C)O,4,4,,,,,,,,,,,,,,,,,sif_sgf_second.csv,True,False,True,False,150,150,.\raw.csv,0
603,[H]C[C@@H]1NC(=O)[C@@H]2C[C@]3([H])CCCC[C@]3([H])N2C(=O)[C@H](CCSCCCSCC[C@H](NC(=O)[C@H](CC2=CNC3=CC=CC=C23)NC(=O)[C@H](CCC(O)=O)NC(=O)[C@H](CC2=CNC3=C2C=CC=C3C)NC(=O)[C@H](CCCCCCCC)NC(=O)[C@H](CC(O)=O)NC1=O)C(=O)N[C@@H](CCC(N)=O)C(=O)N[C@H](CCCNC(N)=N)C(N)=O)NC(=O)[C@@H](NC(=O)[C@H](CC(C)(C)C)NC(=O)[C@H](CC1=CN=CN1)NC(=O)[C@@H](NC(=O)[C@@H](CC1=CN=CN1)NC(=O)C[H])C(C)C)[C@@H](C)O,4,4,,,,,,,,,,,,,,,,,sif_sgf_second.csv,True,False,True,False,150,150,.\raw.csv,0
386,[H]NC(=O)C[C@H](NC(=O)[C@@H]1CCCSSCCC[C@H](NC(=O)[C@@]([H])(NC(=O)[C@@H](NC(=O)[C@H](CCCC[N+](C)(C)C)NC(=O)[C@@]([H])(NC(=O)[C@H](CCC(O)=O)NC(C)=O)[C@@H](C)CC)C(C)C)[C@@H](C)O[H])C(=O)N2C3CCCCC3C[C@H]2C(=O)N[C@@H](C)C(=O)N[C@@H](CC(O)=O)C(=O)N[C@@H](CCCCCCCC)C(=O)N[C@@H](CC2=CN([H])C3=C2C=CC=C3)C(=O)N[C@@H](CC(O)=O)C(=O)N[C@@H](CC2=CN([H])C3=C2C=CC=C3)C(=O)N1)C(=O)N[C@H](CCCN=C(N)N[H])C(N)=O,1,1,,,,,,,,,,,,,,,,,sif_sgf_second.csv,True,False,True,True,30,30,.\raw.csv,0
465,[H]C[C@@H]1NC(=O)[C@@H]2C[C@]3([H])CCCC[C@]3([H])N2C(=O)[C@H](CCSCCCSCC[C@H](NC(=O)[C@H](CC2=CNC3=CC=CC=C23)NC(=O)[C@H](CC(O)=O)NC(=O)[C@H](CC2=CNC3=CC=CC=C23)NC(=O)[C@H](CCCCCCCC)NC(=O)[C@H](CC(O)=O)NC1=O)C(=O)N[C@@H](CCC(N)=O)C(=O)N[C@H](CCCNC(N)=N)C(N)=O)NC(=O)[C@@H](NC(=O)[C@@H](NC(=O)[C@H](CC1=CN=CN1)NC(=O)[C@@H](NC(=O)[C@@H](NC(=O)C[H])C(C)(C)C)[C@@H](C)CC)C(C)(C)C)[C@@H](C)O,4,1,,,,,,,,,,,,,,,,,sif_sgf_second.csv,True,False,True,False,150,30,.\raw.csv,0
454,[H]C[C@@H]1NC(=O)[C@@H]2C[C@]3([H])CCCC[C@]3([H])N2C(=O)[C@H](CCSCCCSCC[C@H](NC(=O)[C@H](CC2=CNC3=CC=CC=C23)NC(=O)[C@H](CC(O)=O)NC(=O)[C@H](CC2=CNC3=CC=CC=C23)NC(=O)[C@H](CCCCCCCC)NC(=O)[C@H](CC(O)=O)NC1=O)C(=O)N[C@@H](CC(N)=O)C(=O)N[C@H](CCCNC(N)=N)C(N)=O)NC(=O)[C@H](CC(N)=O)NC(=O)[C@H](CCCCCCCC)NC(=O)[C@H](CC1=CN=CN1)NC(=O)[C@@H](NC(=O)[C@@H](NC(=O)C[H])C(C)(C)C)[C@@H](C)CC,4,1,,,,,,,,,,,,,,,,,sif_sgf_second.csv,True,False,True,False,150,30,.\raw.csv,0
4,CC[C@H](C)[C@H](NC(C)=O)C(=O)N[C@@H]([C@@H](C)O)C(=O)N[C@@H](C(C)C)C(=O)N[C@@H]([C@@H](C)O)C(=O)N[C@@H]([C@@H](C)CC)C(=O)N1CCC[C@H]1C(=O)N[C@@H](C)C(=O)N[C@@H](CC(O)=O)C(=O)N[C@@H](CC(C)C)C(=O)N[C@@H](CC1=CNC2=CC=CC=C12)C(=O)N[C@@H](CC(O)=O)C(=O)N[C@@H](CC1=CNC2=CC=CC=C12)C(=O)N[C@@H]([C@@H](C)CC)C(=O)N[C@@H](CC(N)=O)C(=O)N[C@@H](CCCCN)C(N)=O,1,1,,,,,,,,,,,,,,,,,sif_sgf_second.csv,True,False,True,False,30,30,.\raw.csv,0
323,[H]C[C@@H]1NC(=O)[C@@H]2C[C@]3([H])CCCC[C@]3([H])N2C(=O)[C@H](CCCCCCCC[C@H](NC(=O)[C@H](CC2=CNC3=CC=CC=C23)NC(=O)[C@H](CC(O)=O)NC(=O)[C@H](CC2=CNC3=CC=CC=C23)NC(=O)[C@H](CCCCCCCC)NC(=O)[C@H](CC(O)=O)NC1=O)C(=O)N[C@@H](CC(N)=O)C(=O)N[C@H](CCCNC(N)=N)C(N)=O)NC(=O)[C@@H](NC(=O)[C@H](CC(C)(C)C)NC(=O)[C@H](CC1=CN=CN1)NC(=O)[C@@H](NC(=O)C[H])[C@@H](C)CC)[C@@H](C)O,4,4,,,,,,,,,,,,,,,,,sif_sgf_second.csv,True,False,True,False,150,150,.\raw.csv,0
669,[H]C[C@@H]1NC(=O)[C@@H]2C[C@]3([H])CCCC[C@]3([H])N2C(=O)[C@H](CCSCCCSCC[C@H](NC(=O)[C@H](CC2=CNC3=CC=CC=C23)NC(=O)[C@H](CCC(O)=O)NC(=O)[C@H](CC2=CNC3=CC=CC=C23)NC(=O)[C@H](CCCCCCCC)NC(=O)[C@H](CC(O)=O)NC1=O)C(=O)NC(C)(C)C(N)=O)NC(=O)[C@@H](NC(=O)[C@H](CC(C)(C)C)NC(=O)[C@H](CC1=CN=CN1)NC(=O)[C@@H](NC(=O)[C@@H](CC1=CN=CN1)NC(=O)C[H])[C@@H](C)CC)[C@@H](C)O,4,4,,,,,,,,,,,,,,,,,sif_sgf_second.csv,True,False,True,False,150,150,.\raw.csv,0
496,[H]CC(=O)NCCCC[C@@H]1NC(=O)[C@@H]2CC3CCCCC3N2C(=O)[C@H](CCSCCCSCC[C@H](NC(=O)[C@H](CC2=CN([H])C3=C2C=CC=C3)NC(=O)[C@H](CC(O)=O)NC(=O)[C@H](CC2=CN([H])C3=C2C=CC=C3)NC(=O)[C@H](CCCCCCCC)NC(=O)[C@H](CC(O)=O)NC1=O)C(=O)N[C@@H](CC(=O)N[H])C(=O)N[C@H](CCCN=C(N)N[H])C(N)=O)NC(=O)[C@H](CC(=O)N[H])NC(=O)[C@@H](NC(=O)[C@H](CCCC[N+](C)(C)C)NC(=O)[C@@]([H])(NC(=O)[C@@H](CCC(O)=O)NC(C)=O)[C@@H](C)CC)C(C)(C)C,4,3,,,,,,,,,,,,,,,,,sif_sgf_second.csv,True,False,True,False,150,105,.\raw.csv,0
442,[H]C[C@@H]1NC(=O)[C@@H]2C[C@]3([H])CCCC[C@]3([H])N2C(=O)[C@H](CCSCCCSCC[C@H](NC(=O)[C@H](CC2=CNC3=CC=CC=C23)NC(=O)[C@H](CC(O)=O)NC(=O)[C@H](CC2=CNC3=CC=CC=C23)NC(=O)[C@H](CCCCCCCC)NC(=O)[C@H](CC(O)=O)NC1=O)C(=O)N[C@@H](CC(N)=O)C(=O)N[C@H](CCCNC(N)=N)C(N)=O)NC(=O)[C@@H](NC(=O)[C@@H](NC(=O)[C@H](CC1=CN=CN1)NC(=O)[C@@H](NC(=O)[C@@H](NC(=O)C[H])[C@@H](C)O)[C@@H](C)CC)C(C)(C)C)[C@@H](C)O,1,1,,,,,,,,,,,,,,,,,sif_sgf_second.csv,True,False,True,False,30,30,.\raw.csv,0
10,CC[C@H](C)[C@H](NC(C)=O)C(=O)N[C@@H](CC1=CN=CN1)C(=O)N[C@@H](C(C)C)C(=O)N[C@@H]([C@@H](C)O)C(=O)N[C@@H]([C@@H](C)CC)C(=O)N1CCC[C@H]1C(=O)N[C@@H](C)C(=O)N[C@@H](CC(O)=O)C(=O)N[C@@H](CC(C)C)C(=O)N[C@H]1CSCC2=C(CSC[C@H](NC(=O)[C@@H](NC(=O)[C@H](CC3=CNC4=CC=CC=C34)NC(=O)[C@H](CC(O)=O)NC1=O)[C@@H](C)CC)C(N)=O)C=CC=C2,1,1,,,,,,,,,,,,,,,,,sif_sgf_second.csv,True,False,True,False,30,30,.\raw.csv,0
265,[H]CC(=O)NCCCC[C@H](NC(=O)[C@@H]1CCC\C=C/CCC[C@H](NC(=O)[C@@]([H])(NC(=O)[C@H](CC(C)(C)C)NC(=O)[C@H](CC2=CN([H])C=N2)NC(=O)[C@@]([H])(NC(C)=O)[C@@H](C)CC)[C@@H](C)O[H])C(=O)N2C3CCCCC3C[C@H]2C(=O)N[C@@H](C)C(=O)N[C@@H](CC(O)=O)C(=O)N[C@@H](CCCCCCCC)C(=O)N[C@@H](CC2=CN([H])C3=C2C=CC=C3)C(=O)N[C@@H](CC(O)=O)C(=O)N[C@@H](CC2=CN([H])C3=C2C=CC=C3)C(=O)N1)C(=O)N[C@H](CCCN=C(N)N[H])C(N)=O,4,4,,,,,,,,,,,,,,,,,sif_sgf_second.csv,True,False,True,False,150,150,.\raw.csv,0
380,[H]NC(=O)C[C@H](NC(=O)[C@@H]1CCCSSCCC[C@H](NC(=O)[C@@]([H])(NC(=O)[C@H](CCCCCCCC)NC(=O)[C@H](CCCC[N+](C)(C)C)NC(=O)[C@@]([H])(NC(=O)[C@H](CCC(O)=O)NC(C)=O)[C@@H](C)CC)[C@@H](C)O[H])C(=O)N2C3CCCCC3C[C@H]2C(=O)N[C@@H](C)C(=O)N[C@@H](CC(C(O)=O)C(=O)N[C@@H](CCCCCCCC)C(=O)N[C@@H](CC2=CN([H])C3=C2C=CC=C3)C(=O)N[C@@H](CC(O)=O)C(=O)N[C@@H](CC2=CN([H])C3=C2C=CC=C3)C(=O)N1)C(O)=O)C(=O)N[C@H](CCCN=C(N)N[H])C(N)=O,4,1,,,,,,,,,,,,,,,,,sif_sgf_second.csv,True,False,True,True,150,30,.\raw.csv,0
590,[H]C[C@@H]1NC(=O)[C@@H]2C[C@]3([H])CCCC[C@]3([H])N2C(=O)[C@H](CCCCCSCCC[C@H](NC(=O)[C@H](CC2=CNC3=CC=CC=C23)NC(=O)[C@H](CCC(O)=O)NC(=O)[C@H](CC2=CNC3=CC=CC=C23)NC(=O)[C@H](CCCCCCCC)NC(=O)[C@H](CC(O)=O)NC1=O)C(=O)N[C@@H](CC(N)=O)C(=O)N[C@H](CCCNC(N)=N)C(N)=O)NC(=O)[C@@H](NC(=O)[C@H](CC(C)(C)C)NC(=O)[C@H](CC1=CN=CN1)NC(=O)[C@@H](NC(=O)[C@H](CC1=CN=CN1)NC(=O)C[H])[C@@H](C)CC)[C@@H](C)O,4,4,,,,,,,,,,,,,,,,,sif_sgf_second.csv,True,False,True,False,150,150,.\raw.csv,0
675,[H]CC(=O)NCCCC[C@@H]1NC(=O)[C@@H]2CC3CCCCC3N2C(=O)[C@H](CCSCCCSCC[C@H](NC(=O)[C@H](CC2=CN([H])C3=C2C=CC=C3)NC(=O)[C@H](CCC(O)=O)NC(=O)[C@H](CC2=CN([H])C3=C2C=CC=C3)NC(=O)[C@H](CCCCCCCC)NC(=O)[C@H](CC(O)=O)NC1=O)C(=O)N[C@@H](CC(=O)N[H])C(=O)N[C@H](CCCN=C(N)N[H])C(N)=O)NC(=O)[C@@]([H])(NC(=O)[C@H](CC(C)(C)C)NC(=O)[C@H](CC1=CN([H])C=N1)NC(=O)[C@@H](NC(=O)[C@H](CC1=CN([H])C=N1)NC(=O)CC(C)C)C(C)(C)C)[C@@H](C)O[H],4,4,,,,,,,,,,,,,,,,,sif_sgf_second.csv,True,False,True,False,150,150,.\raw.csv,0
343,[H]NC(=O)C[C@H](NC(=O)[C@@H]1CSCC2=CC=CC(CSC[C@H](NC(=O)[C@@]([H])(NC(=O)[C@H](CC(C)(C)C)NC(=O)[C@H](CC3=CC=C(C=C3)C(N)=O)NC(=O)[C@@]([H])(NC(C)=O)[C@@H](C)CC)[C@@H](C)O[H])C(=O)N3C4CCCCC4C[C@H]3C(=O)N[C@@H](CC3=CN([H])C=N3)C(=O)N[C@@H](CC(O)=O)C(=O)N[C@@H](CCCCCCCC)C(=O)N[C@@H](CC3=CN([H])C4=C3C=CC=C4)C(=O)N[C@@H](CCC(O)=O)C(=O)N[C@@H](CC3=CN([H])C4=C3C=CC=C4)C(=O)N1)=C2)C(=O)N[C@H](CCCN=C(N)N[H])C(N)=O,4,1,,,,,,,,,,,,,,,,,sif_sgf_second.csv,True,False,True,False,150,30,.\raw.csv,0
495,[H]NC(=O)C[C@H](NC(=O)[C@@H]1CCSCCCSCC[C@H](NC(=O)[C@H](CC(=O)N[H])NC(=O)[C@@H](NC(=O)[C@H](CCCC[N+](C)(C)C)NC(=O)[C@@]([H])(NC(=O)[C@@H](CCC(O)=O)NC(C)=O)[C@@H](C)CC)C(C)(C)C)C(=O)N2C3CCCCC3C[C@H]2C(=O)N[C@@H](C)C(=O)N[C@@H](CC(O)=O)C(=O)N[C@@H](CCCCCCCC)C(=O)N[C@@H](CC2=CN([H])C3=C2C=CC=C3)C(=O)N[C@@H](CCC(O)=O)C(=O)N[C@@H](CC2=CN([H])C3=C2C=CC=C3)C(=O)N1)C(=O)N[C@H](CCCN=C(N)N[H])C(N)=O,3,1,,,,,,,,,,,,,,,,,sif_sgf_second.csv,True,False,True,False,105,30,.\raw.csv,0
399,[H]CC(=O)N[C@@H](CCC(O)=O)C(=O)N[C@@H]([C@@H](C)CC)C(=O)N[C@@H](CC1=CN=CN1)C(=O)N[C@@H](CC(C)(C)C)C(=O)N[C@@H]([C@@H](C)O)C(=O)N[C@@H]([C@@H](C)CC)C(=O)N1[C@@H](C[C@]2([H])CCCC[C@]12[H])C(=O)N[C@@]1(C)CCC\C=C\CCC[C@](C)(NC(=O)[C@H](CC2=CNC3=CC=CC=C23)NC(=O)[C@H](CCCCCCCC)NC(=O)[C@H](CC(C(O)=O)C(O)=O)NC1=O)C(=O)N[C@@H](CC1=CNC2=CC=CC=C12)C(=O)N[C@@H]([C@@H](C)CC)C(=O)N[C@@H](CC(N)=O)C(=O)N[C@H](CCCNC(N)=N)C(N)=O,2,3,,,,,,,,,,,,,,,,,sif_sgf_second.csv,True,False,True,False,75,105,.\raw.csv,0
501,[H]C[C@@H]1NC(=O)[C@@H]2C[C@]3([H])CCCC[C@]3([H])N2C(=O)[C@H](CCSCCCSCC[C@H](NC(=O)[C@H](CC2=CNC3=CC=CC=C23)NC(=O)[C@H](CC(O)=O)NC(=O)[C@H](CC2=CNC3=C2C=CC=C3C2=CC=CC=C2)NC(=O)[C@H](CCCCCCCC)NC(=O)[C@H](CC(O)=O)NC1=O)C(=O)N[C@@H](CC(N)=O)C(=O)N[C@H](CCCNC(N)=N)C(N)=O)NC(=O)[C@@H](NC(=O)[C@H](CC(C)(C)C)NC(=O)[C@H](CC1=CN=CN1)NC(=O)[C@@H](NC(=O)[C@H](CC1=CN=CN1)NC(=O)C[H])[C@@H](C)CC)[C@@H](C)O,4,4,,,,,,,,,,,,,,,,,sif_sgf_second.csv,True,False,True,False,150,150,.\raw.csv,0
200,CC(=O)N[C@H]1CSSC(C)(C)[C@@H](C(=O)N[C@@H](Cc2c[nH]c3ccccc23)C(=O)N[C@H](CCCCNC(=O)COCC(=O)NCCCC[C@@H](NC(=O)[C@H](Cc2c[nH]c3ccccc23)NC(=O)[C@H]2NC(=O)[C@H](CC(C)C)NC(=O)[C@H]([C@@H](C)O)NC(=O)[C@H](CC(=O)O)NC(=O)[C@H](CO)NC(=O)[C@H](CCCNC(=N)N)N(C)C(=O)[C@@H](NC(C)=O)CSSC2(C)C)C(N)=O)C(N)=O)NC(=O)[C@H](CC(C)C)NC(=O)[C@H]([C@@H](C)O)NC(=O)[C@H](CC(=O)O)NC(=O)[C@H](CO)NC(=O)[C@H](CCCNC(=N)N)N(C)C1=O,8,360.0,,,,,,,,,,,,,,,,,US9809623B2.csv,True,False,True,True,8,360,.\raw.csv,1
203,CC(=O)N[C@@H]1C(=O)N[C@@H](CCCNC(=N)N)C(=O)N[C@@H](CO)C(=O)N[C@@H](CC(=O)O)C(=O)N[C@@H]([C@@H](C)O)C(=O)N[C@@H](CC(C)C)C(=O)N[C@H](C(=O)N[C@H](CCCCNC(=O)COCC(=O)NCCCC[C@@H](NC(=O)[C@@H]2CSSC(C)(C)[C@H](NC(C)=O)C(=O)N[C@@H](CCCNC(=N)N)C(=O)N[C@@H](CO)C(=O)N[C@@H](CC(=O)O)C(=O)N[C@@H]([C@@H](C)O)C(=O)N[C@@H](CC(C)C)C(=O)N2)C(N)=O)C(N)=O)CSSC1(C)C,293,360.0,,,,,,,,,,,,,,,,,US9809623B2.csv,True,False,True,True,293,360,.\raw.csv,1
201,CC(=O)N[C@H]1CSSC(C)(C)[C@@H](C(=O)N[C@@H](CCC(=O)O)C(=O)N[C@H](CCCCNC(=O)COCC(=O)NCCCC[C@@H](NC(=O)[C@H](CCC(=O)O)NC(=O)[C@H]2NC(=O)[C@H](CC(C)C)NC(=O)[C@H]([C@@H](C)O)NC(=O)[C@H](CC(=O)O)NC(=O)[C@H](CO)NC(=O)[C@H](CCCNC(=N)N)N(C)C(=O)[C@@H](NC(C)=O)CSSC2(C)C)C(N)=O)C(N)=O)NC(=O)[C@H](CC(C)C)NC(=O)[C@H]([C@@H](C)O)NC(=O)[C@H](CC(=O)O)NC(=O)[C@H](CO)NC(=O)[C@H](CCCNC(=N)N)N(C)C1=O,18,360.0,,,,,,,,,,,,,,,,,US9809623B2.csv,True,False,True,True,18,360,.\raw.csv,1
1043,CC(=O)N[C@H]1CCSC[C@@H](C(=O)N[C@@H](Cc2ccc(OCCN)cc2)C(=O)N[C@@H](Cc2ccc3ccccc3c2)C(=O)NC2(C(=O)N[C@@H](CCC(=O)O)C(=O)N[C@@H](CC(N)=O)C(=O)N[C@@H](CC(N)=O)C(N)=O)CC2)NC(=O)[C@H](CCC(N)=O)NC(=O)[C@H](Cc2c[nH]c3ccccc23)NC(=O)[C@H]([C@@H](C)O)NC(=O)[C@H](CCC(N)=O)NC1=O,**,*,,,,,,,,,,,,,,,,,WO2017011820A2.csv,True,False,True,False,270,420,.\raw.csv,1
965,CC(=O)N[C@@H](CCC(=O)O)C(=O)N[C@H]1CCSC[C@@H](C(=O)N[C@@H](Cc2ccc(OCCN)cc2)C(=O)N[C@@H](Cc2ccc3ccccc3c2)C(=O)N[C@@](C)(CCCCN)C(=O)N[C@@H](CCC(=O)O)C(=O)N[C@@H](CC(N)=O)C(=O)N[C@@H](CC(N)=O)C(N)=O)NC(=O)[C@H](CCC(N)=O)NC(=O)[C@H](Cc2c[nH]c3ccccc23)NC(=O)[C@H]([C@@H](C)O)NC(=O)[C@H](CCC(N)=O)NC1=O,*,***,,,,,,,,,,,,,,,,,WO2017011820A2.csv,True,False,True,False,420,150,.\raw.csv,0
797,CC(=O)NCCCC[C@H](NC(=O)[C@](C)(CCCCN)NC(=O)[C@H](Cc1ccc2ccccc2c1)NC(=O)[C@H](Cc1ccc(C(N)=O)cc1)NC(=O)[C@@H]1CSCC[C@H](NC(C)=O)C(=O)N[C@@H](CCC(N)=O)C(=O)N[C@@H]([C@@H](C)O)C(=O)N[C@@H](Cc2c[nH]c3ccccc23)C(=O)N[C@@H](CCC(N)=O)C(=O)N1)C(=O)N[C@@H](CC(N)=O)C(=O)NCC(N)=O,****,*****,,,,,,,,,,,,,,,,,WO2017011820A2.csv,True,False,True,False,90,30,.\raw.csv,0
901,CC(=O)N[C@H]1CCSC[C@@H](C(=O)N[C@@H](Cc2ccc(OCCN)cc2)C(=O)N[C@@H](Cc2c[nH]c3ccccc23)C(=O)N[C@@](C)(CC(C)C)C(=O)N[C@@H](CCC(=O)O)C(=O)N[C@@H](CC(N)=O)C(=O)NCC(N)=O)NC(=O)[C@H](CCC(N)=O)NC(=O)[C@H](Cc2c[nH]c3ccccc23)NC(=O)[C@H]([C@@H](C)O)NC(=O)[C@H](CCC(N)=O)NC1=O,*,**,,,,,,,,,,,,,,,,,WO2017011820A2.csv,True,False,True,False,420,270,.\raw.csv,1
1039,COc1ccc(C[C@H](NC(=O)[C@@H]2CSCC[C@H](NC(=O)[C@@H](CCCCNC(=O)COCC(=O)NCCCC[C@@H](NC(C)=O)C(=O)N[C@H]3CCSC[C@@H](C(=O)N[C@@H](Cc4ccc(OC)cc4)C(=O)N[C@@H](Cc4ccc5ccccc5c4)C(=O)N[C@@](C)(CC(C)C)C(=O)N[C@@H](CCC(=O)O)C(=O)N[C@@H](CC(N)=O)C(=O)NCC(N)=O)NC(=O)[C@H](CCC(N)=O)NC(=O)[C@H](Cc4c[nH]c5ccccc45)NC(=O)[C@H]([C@@H](C)O)NC(=O)[C@H](CCC(N)=O)NC3=O)NC(C)=O)C(=O)N[C@@H](CCC(N)=O)C(=O)N[C@@H]([C@@H](C)O)C(=O)N[C@@H](Cc3c[nH]c4ccccc34)C(=O)N[C@@H](CCC(N)=O)C(=O)N2)C(=O)N[C@@H](Cc2ccc3ccccc3c2)C(=O)N[C@@](C)(CC(C)C)C(=O)N[C@@H](CCC(=O)O)C(=O)N[C@@H](CC(N)=O)C(=O)NCC(N)=O)cc1,****,*****,,,,,,,,,,,,,,,,,WO2017011820A2.csv,True,False,True,True,90,30,.\raw.csv,0
620,CC(=O)NCCCC[C@H](NC(=O)C(C)(C)NC(=O)[C@H](Cc1ccc2ccccc2c1)NC(=O)[C@H](Cc1ccc(OCCN)cc1)NC(=O)[C@H]1NC(=O)[C@H](CCC(N)=O)NC(=O)[C@H](Cc2c[nH]c3ccccc23)NC(=O)[C@H]([C@@H](C)O)NC(=O)[C@H]([C@@H](C)O)NC(=O)[C@@H](NC(C)=O)C(C)(C)SSC1(C)C)C(=O)N[C@@H](CC(N)=O)C(=O)N[C@@H](CC(N)=O)C(N)=O,*,*,,,,,,,,,,,,,,,,,WO2017011820A2.csv,True,False,True,True,420,420,.\raw.csv,1
563,CC(=O)NCCCC[C@H](NC(=O)[C@](C)(CCCCN)NC(=O)[C@H](Cc1c[nH]c2ccccc12)NC(=O)[C@H](Cc1ccc(O)cc1)NC(=O)[C@H]1NC(=O)[C@H](CCC(N)=O)NC(=O)[C@H](Cc2c[nH]c3ccccc23)NC(=O)[C@H]([C@@H](C)O)NC(=O)[C@H](CCC(N)=O)NC(=O)[C@@H](NC(C)=O)C(C)(C)SSC1(C)C)C(=O)N[C@@H](CC(N)=O)C(=O)NCC(N)=O,*,*,,,,,,,,,,,,,,,,,WO2017011820A2.csv,True,False,True,False,420,420,.\raw.csv,1
900,CC(=O)NCCCC[C@H](NC(=O)[C@](C)(CCCCNC(C)=O)NC(=O)[C@H](Cc1ccc2ccccc2c1)NC(=O)[C@H](Cc1ccc(OCCNC(C)=O)cc1)NC(=O)[C@@H]1CSCC[C@H](NC(C)=O)C(=O)N[C@@H](CCC(N)=O)C(=O)N[C@@H]([C@@H](C)O)C(=O)N[C@@H](Cc2c[nH]c3ccccc23)C(=O)N[C@@H](CCC(N)=O)C(=O)N1)C(=O)N[C@@H](CC(N)=O)C(=O)NCC(N)=O,**,*****,,,,,,,,,,,,,,,,,WO2017011820A2.csv,True,False,True,True,270,30,.\raw.csv,0
688,COc1ccc(C[C@H](NC(=O)[C@H]2NC(=O)[C@H](CCC(N)=O)NC(=O)[C@H](Cc3c[nH]c4ccccc34)NC(=O)[C@H]([C@@H](C)O)NC(=O)[C@H](CC(N)=O)NC(=O)[C@@H](NC(C)=O)C(C)(C)SSC2(C)C)C(=O)N[C@@H](Cc2ccc3ccccc3c2)C(=O)NC2(C(=O)N[C@@H](CCCCNC(C)=O)C(=O)N[C@@H](CC(N)=O)C(=O)N[C@@H](CC(N)=O)C(N)=O)CCOCC2)cc1,*,*,,,,,,,,,,,,,,,,,WO2017011820A2.csv,True,False,True,False,420,420,.\raw.csv,1
876,CC(=O)NCCCC[C@H](NC(=O)C(C)(C)NC(=O)[C@H](Cc1ccc2ccccc2c1)NC(=O)[C@H](Cc1ccc(OCCN)cc1)NC(=O)[C@@H]1CSCC[C@H](NC(C)=O)C(=O)N[C@@H](CCC(N)=O)C(=O)N[C@@H]([C@@H](C)O)C(=O)N[C@@H](Cc2c[nH]c3ccccc23)C(=O)N[C@@H](CCC(N)=O)C(=O)N1)C(=O)N[C@@H](CCC(N)=O)C(=O)NCC(N)=O,***,*****,,,,,,,,,,,,,,,,,WO2017011820A2.csv,True,False,True,True,150,30,.\raw.csv,0
682,CC(=O)NCCCC[C@H](NC(=O)C(C)(C)NC(=O)[C@H](Cc1ccc2ccccc2c1)NC(=O)[C@H](Cc1ccc(C(N)=O)cc1)NC(=O)[C@H]1NC(=O)[C@H](CCC(N)=O)NC(=O)[C@H](Cc2c[nH]c3ccccc23)NC(=O)[C@H]([C@@H](C)O)NC(=O)[C@H](CC(N)=O)NC(=O)[C@@H](NC(C)=O)C(C)(C)SSC1(C)C)C(=O)N[C@@H](CC(N)=O)C(=O)N[C@@H](CC(N)=O)C(N)=O,****,**,,,,,,,,,,,,,,,,,WO2017011820A2.csv,True,False,True,True,90,270,.\raw.csv,1
630,COc1ccc(C[C@H](NC(=O)[C@H]2NC(=O)[C@H](CCC(N)=O)NC(=O)[C@H](Cc3c[nH]c4ccccc34)NC(=O)[C@H]([C@@H](C)O)NC(=O)[C@H](CC(N)=O)NC(=O)[C@@H](NC(C)=O)C(C)(C)SSC2(C)C)C(=O)N[C@@H](Cc2ccc3ccccc3c2)C(=O)NC(C)(C)C(=O)N[C@@H](CCC(=O)O)C(=O)N[C@@H](CC(N)=O)C(=O)N[C@@H](CC(N)=O)C(N)=O)cc1,***,*,,,,,,,,,,,,,,,,,WO2017011820A2.csv,True,False,True,True,150,420,.\raw.csv,1
637,COc1ccc(C[C@H](NC(=O)[C@H]2NC(=O)[C@H](CCC(N)=O)NC(=O)[C@H](Cc3c[nH]c4ccccc34)NC(=O)[C@H]([C@@H](C)O)NC(=O)[C@H](CC(N)=O)NC(=O)[C@@H](NC(C)=O)C(C)(C)SSC2(C)C)C(=O)N[C@@H](Cc2ccc3ccccc3c2)C(=O)NC(C)(C)C(=O)N[C@@H](CCCCNC(C)=O)C(=O)N[C@@H](CC(N)=O)C(=O)N[C@@H](CC(N)=O)C(N)=O)cc1,*,*,,,,,,,,,,,,,,,,,WO2017011820A2.csv,True,False,True,True,420,420,.\raw.csv,1
610,CC(=O)NCCCC[C@H](NC(=O)[C@](C)(CCCCNC(C)=O)NC(=O)[C@H](Cc1ccc2ccccc2c1)NC(=O)[C@H](Cc1ccc(OCCNC(C)=O)cc1)NC(=O)[C@H]1NC(=O)[C@H](CCC(N)=O)NC(=O)[C@H](Cc2c[nH]c3ccccc23)NC(=O)[C@H]([C@@H](C)O)NC(=O)[C@H](CCC(N)=O)NC(=O)[C@@H](NC(C)=O)C(C)(C)SSC1(C)C)C(=O)N[C@@H](CC(N)=O)C(=O)N[C@@H](CC(N)=O)C(N)=O,*,*,,,,,,,,,,,,,,,,,WO2017011820A2.csv,True,False,True,True,420,420,.\raw.csv,1
557,COc1ccc(C[C@H](NC(=O)[C@H]2NC(=O)[C@H](CCC(N)=O)NC(=O)[C@H](Cc3c[nH]c4ccccc34)NC(=O)[C@H]([C@@H](C)O)NC(=O)[C@H](CCC(N)=O)NC(=O)[C@@H](NC(C)=O)C(C)(C)SSC2(C)C)C(=O)N[C@@H](Cc2ccc3ccccc3c2)C(=O)N[C@@](C)(CCCCN)C(=O)N[C@@H](CCC(=O)O)C(=O)N[C@@H](CC(N)=O)C(=O)NCC(N)=O)cc1,**,***,,,,,,,,,,,,,,,,,WO2017011820A2.csv,True,False,True,False,270,150,.\raw.csv,0
877,CC(=O)N[C@H]1CCSC[C@@H](C(=O)N[C@@H](Cc2ccc(OCCN)cc2)C(=O)N[C@@H](Cc2ccc3ccccc3c2)C(=O)NC(C)(C)C(=O)N[C@@H](CCC(N)=O)C(=O)N[C@@H](CC(N)=O)C(=O)NCC(N)=O)NC(=O)[C@H](CCC(N)=O)NC(=O)[C@H](Cc2c[nH]c3ccccc23)NC(=O)[C@H]([C@@H](C)O)NC(=O)[C@H](CCC(N)=O)NC1=O,***,**,,,,,,,,,,,,,,,,,WO2017011820A2.csv,True,False,True,True,150,270,.\raw.csv,1
641,CC(=O)NCCCC[C@H](NC(=O)[C@H](CCC(C)C)NC(=O)[C@H](Cc1ccc2ccccc2c1)NC(=O)[C@H](Cc1ccc(OCCN)cc1)NC(=O)[C@H]1NC(=O)[C@H](CCC(N)=O)NC(=O)[C@H](Cc2c[nH]c3ccccc23)NC(=O)[C@H]([C@@H](C)O)NC(=O)[C@H](CC(N)=O)NC(=O)[C@@H](NC(C)=O)C(C)(C)SSC1(C)C)C(=O)N[C@@H](CC(N)=O)C(=O)NCCC(N)=O,*****,*****,,,,,,,,,,,,,,,,,WO2017011820A2.csv,True,False,True,True,30,30,.\raw.csv,0
603,CC(=O)N[C@@H]1C(=O)N[C@@H](CCC(N)=O)C(=O)N[C@@H]([C@@H](C)O)C(=O)N[C@@H](Cc2c[nH]c3ccccc23)C(=O)N[C@@H](CCC(N)=O)C(=O)N[C@H](C(=O)N[C@@H](Cc2ccc(OCCN)cc2)C(=O)N[C@@H](Cc2ccc3ccccc3c2)C(=O)N[C@@](C)(CC(C)C)C(=O)N[C@@H](CCC(N)=O)C(=O)N[C@@H](CC(N)=O)C(=O)N[C@@H](CC(N)=O)C(N)=O)C(C)(C)SSC1(C)C,*,*,,,,,,,,,,,,,,,,,WO2017011820A2.csv,True,False,True,False,420,420,.\raw.csv,1
976,CC(=O)N[C@H]1CCSC[C@@H](C(=O)N[C@@H](Cc2ccc(OCCN)cc2)C(=O)N[C@@H](Cc2ccc3ccccc3c2)C(=O)NC2(C(=O)N[C@@H](CCC(=O)O)C(=O)N[C@@H](CC(N)=O)C(=O)N[C@@H](CC(N)=O)C(N)=O)CCC2)NC(=O)[C@H](CCC(N)=O)NC(=O)[C@H](Cc2c[nH]c3ccccc23)NC(=O)[C@H]([C@@H](C)O)NC(=O)[C@H](CCC(N)=O)NC1=O,*****,****,,,,,,,,,,,,,,,,,WO2017011820A2.csv,True,False,True,False,30,90,.\raw.csv,0
925,COc1ccc(C[C@H](NC(=O)[C@@H]2CSCC[C@H](NC(=O)[C@@H](CCCCN)NC(C)=O)C(=O)N[C@@H](CCC(N)=O)C(=O)N[C@@H]([C@@H](C)O)C(=O)N[C@@H](Cc3c[nH]c4ccccc34)C(=O)N[C@@H](CCC(N)=O)C(=O)N2)C(=O)N[C@@H](Cc2ccc3ccccc3c2)C(=O)N[C@@](C)(CC(C)C)C(=O)N[C@@H](CCC(=O)O)C(=O)N[C@@H](CC(N)=O)C(=O)NCC(N)=O)cc1,****,*****,,,,,,,,,,,,,,,,,WO2017011820A2.csv,True,False,True,True,90,30,.\raw.csv,0
902,CC(=O)NCCCC[C@H](NC(=O)[C@](C)(CCCCN)NC(=O)[C@H](Cc1ccc2ccccc2c1)NC(=O)[C@H](Cc1ccc(OCCN)cc1)NC(=O)[C@@H]1CSCC[C@H](NC(=O)CCC(=O)O)C(=O)N[C@@H](CCC(N)=O)C(=O)N[C@@H]([C@@H](C)O)C(=O)N[C@@H](Cc2c[nH]c3ccccc23)C(=O)N[C@@H](CCC(N)=O)C(=O)N1)C(=O)N[C@@H](CC(N)=O)C(=O)NCC(N)=O,*,**,,,,,,,,,,,,,,,,,WO2017011820A2.csv,True,False,True,True,420,270,.\raw.csv,1
608,CC(=O)NCCCC[C@](C)(NC(=O)[C@H](Cc1ccc2ccccc2c1)NC(=O)[C@H](Cc1ccc(OCCNC(C)=O)cc1)NC(=O)[C@H]1NC(=O)[C@H](CCC(N)=O)NC(=O)[C@H](Cc2c[nH]c3ccccc23)NC(=O)[C@H]([C@@H](C)O)NC(=O)[C@](C)(CCCNC(C)=O)NC(=O)[C@@H](NC(C)=O)C(C)(C)SSC1(C)C)C(=O)N[C@@H](CCC(=O)O)C(=O)N[C@@H](CC(N)=O)C(=O)NCC(N)=O,****,**,,,,,,,,,,,,,,,,,WO2017011820A2.csv,True,False,True,True,90,270,.\raw.csv,1
669,CC(=O)NCCCC[C@H](NC(=O)[C@@](C)(NC(=O)[C@H](Cc1ccc2ccccc2c1)NC(=O)[C@H](Cc1ccc(C(N)=O)cc1)NC(=O)[C@H]1NC(=O)[C@H](CCC(N)=O)NC(=O)[C@H](Cc2c[nH]c3ccccc23)NC(=O)[C@H]([C@@H](C)O)NC(=O)[C@H](CCC(N)=O)NC(=O)[C@@H](NC(C)=O)C(C)(C)SSC1(C)C)C(C)C)C(=O)N[C@@H](CC(N)=O)C(=O)N[C@@H](CC(N)=O)C(N)=O,*,**,,,,,,,,,,,,,,,,,WO2017011820A2.csv,True,False,True,True,420,270,.\raw.csv,1
619,CC(=O)N[C@@H]1C(=O)N[C@@H](CCC(N)=O)C(=O)N[C@@H]([C@@H](C)O)C(=O)N[C@@H](Cc2c[nH]c3ccccc23)C(=O)N[C@@H](CCC(N)=O)C(=O)N[C@H](C(=O)N[C@@H](Cc2ccc(OCCN)cc2)C(=O)N[C@@H](Cc2ccc3ccccc3c2)C(=O)N[C@@H](CCC(C)C)C(=O)N[C@@H](CCC(=O)O)C(=O)N[C@@H](CC(N)=O)C(=O)N[C@@H](C)C(N)=O)C(C)(C)SSC1(C)C,*****,*****,,,,,,,,,,,,,,,,,WO2017011820A2.csv,True,False,True,False,30,30,.\raw.csv,0
829,CC(=O)N[C@H]1CCSC[C@@H](C(=O)N[C@@H](Cc2ccc(OCCN)cc2)C(=O)N[C@@H](Cc2ccc3ccccc3c2)C(=O)N[C@@](C)(CCCCN)C(=O)N[C@@H](CCC(=O)O)C(=O)N[C@@H](CC(N)=O)C(=O)NCC(N)=O)NC(=O)[C@H](CCC(N)=O)NC(=O)[C@H](Cc2c[nH]c3ccccc23)NC(=O)[C@H]([C@@H](C)O)NC(=O)[C@H](CCC(N)=O)NC1=O,*,*,,,,,,,,,,,,,,,,,WO2017011820A2.csv,True,False,True,True,420,420,.\raw.csv,1
609,CC(=O)NCCCC[C@H](NC(=O)[C@](C)(CCCCNC(C)=O)NC(=O)[C@H](Cc1ccc2ccccc2c1)NC(=O)[C@H](Cc1ccc(OCCNC(C)=O)cc1)NC(=O)[C@H]1NC(=O)[C@H](CCC(N)=O)NC(=O)[C@H](Cc2c[nH]c3ccccc23)NC(=O)[C@H]([C@@H](C)O)NC(=O)[C@H](CCC(N)=O)NC(=O)[C@@H](NC(C)=O)C(C)(C)SSC1(C)C)C(=O)N[C@@H](CC(N)=O)C(=O)NCC(N)=O,*,*,,,,,,,,,,,,,,,,,WO2017011820A2.csv,True,False,True,True,420,420,.\raw.csv,1
689,COc1ccc(C[C@H](NC(=O)[C@H]2NC(=O)[C@H](CCC(N)=O)NC(=O)[C@H](Cc3c[nH]c4ccccc34)NC(=O)[C@H]([C@@H](C)O)NC(=O)[C@H](CC(N)=O)NC(=O)[C@@H](NC(C)=O)C(C)(C)SSC2(C)C)C(=O)N[C@@H](Cc2ccc3ccccc3c2)C(=O)NC2(C(=O)N[C@@H](CCCCNC(C)=O)C(=O)N[C@@H](CC(N)=O)C(=O)N[C@@H](CC(N)=O)C(N)=O)CCCCC2)cc1,**,*,,,,,,,,,,,,,,,,,WO2017011820A2.csv,True,False,True,False,270,420,.\raw.csv,1
891,CC(=O)NCCCC[C@H](NC(=O)[C@](C)(CCCN)NC(=O)[C@H](Cc1ccc2ccccc2c1)NC(=O)[C@H](Cc1ccc(OCCN)cc1)NC(=O)[C@@H]1CSCC[C@H](NC(C)=O)C(=O)N[C@@H](CCC(N)=O)C(=O)N[C@@H]([C@@H](C)O)C(=O)N[C@@H](Cc2c[nH]c3ccccc23)C(=O)N[C@@H](CCC(N)=O)C(=O)N1)C(=O)N[C@@H](CC(N)=O)C(=O)NCC(N)=O,**,**,,,,,,,,,,,,,,,,,WO2017011820A2.csv,True,False,True,False,270,270,.\raw.csv,1
892,CC(=O)NCCCC[C@H](NC(=O)[C@](C)(CCCCN)NC(=O)[C@H](Cc1ccc2ccccc2c1)NC(=O)[C@H](Cc1ccc(OCCN)cc1)NC(=O)[C@@H]1CSCC[C@H](NC(C)=O)C(=O)N[C@@H](CCC(N)=O)C(=O)N[C@@H]([C@@H](C)O)C(=O)N[C@@H](Cc2c[nH]c3ccccc23)C(=O)N[C@@H](CCC(N)=O)C(=O)N1)C(=O)N[C@@H](CC(N)=O)C(=O)NCC(N)=O,*,*,,,,,,,,,,,,,,,,,WO2017011820A2.csv,True,False,True,True,420,420,.\raw.csv,1
955,CC(=O)NCCCC[C@H](NC(=O)[C@](C)(CC(C)C)NC(=O)[C@H](Cc1ccc2ccccc2c1)NC(=O)[C@H](Cc1ccc(OCCN)cc1)NC(=O)[C@@H]1CSCC[C@H](NC(C)=O)C(=O)N[C@@H](CCC(N)=O)C(=O)N[C@@H]([C@@H](C)O)C(=O)N[C@@H](Cc2c[nH]c3ccccc23)C(=O)N[C@@H](CCC(N)=O)C(=O)N1)C(=O)N[C@@H](CC(N)=O)C(=O)N[C@@H](CC(N)=O)C(N)=O,***,*****,,,,,,,,,,,,,,,,,WO2017011820A2.csv,True,False,True,True,150,30,.\raw.csv,0
617,CC(=O)NCCCC[C@H](NC(=O)C(C)(C)NC(=O)[C@H](Cc1ccc2ccccc2c1)NC(=O)[C@H](Cc1ccc(OCCNC(C)=O)cc1)NC(=O)[C@H]1NC(=O)[C@H](CCC(N)=O)NC(=O)[C@H](Cc2c[nH]c3ccccc23)NC(=O)[C@H]([C@@H](C)O)NC(=O)[C@H](CCC(N)=O)NC(=O)[C@@H](NC(C)=O)C(C)(C)SSC1(C)C)C(=O)N[C@@H](CC(N)=O)C(=O)N[C@@H](CCC(N)=O)C(N)=O,*,*,,,,,,,,,,,,,,,,,WO2017011820A2.csv,True,False,True,False,420,420,.\raw.csv,1
1037,COc1ccc(C[C@H](NC(=O)[C@H]2NC(=O)[C@H](CCC(N)=O)NC(=O)[C@H](Cc3c[nH]c4ccccc34)NC(=O)[C@H]([C@@H](C)O)NC(=O)[C@H](CC(N)=O)NC(=O)[C@@H](NC(C)=O)C(C)(C)SSC2(C)C)C(=O)N[C@@H](Cc2ccc3ccccc3c2)C(=O)NC2(C(=O)N[C@@H](CCCCNC(C)=O)C(=O)N[C@@H](CC(N)=O)C(=O)N[C@@H](CC(N)=O)C(N)=O)CCCC2)cc1,*,**,,,,,,,,,,,,,,,,,WO2017011820A2.csv,True,False,True,True,420,270,.\raw.csv,1
1041,CC(=O)N[C@H](CCCNC(=N)N)C(=O)N[C@H]1CCSC[C@@H](C(=O)N[C@@H](Cc2ccc(OCCN)cc2)C(=O)N[C@@H](Cc2ccc3ccccc3c2)C(=O)N[C@@](C)(CCCCN)C(=O)N[C@@H](CCC(=O)O)C(=O)N[C@@H](CC(N)=O)C(=O)N[C@@H](CC(N)=O)C(N)=O)NC(=O)[C@H](CCC(N)=O)NC(=O)[C@H](Cc2c[nH]c3ccccc23)NC(=O)[C@H]([C@@H](C)O)NC(=O)[C@H](CCC(N)=O)NC1=O,*,**,,,,,,,,,,,,,,,,,WO2017011820A2.csv,True,False,True,False,420,270,.\raw.csv,1
790,COc1ccc(C[C@H](NC(=O)[C@@H]2CSCC[C@H](NC(C)=O)C(=O)N[C@@H](CCC(N)=O)C(=O)N[C@@H]([C@@H](C)O)C(=O)N[C@@H](Cc3c[nH]c4ccccc34)C(=O)N[C@@H](CCC(N)=O)C(=O)N2)C(=O)N[C@@H](Cc2ccc3ccccc3c2)C(=O)N[C@@](C)(CCCN)C(=O)N[C@@H](CCCCNC(C)=O)C(=O)N[C@@H](CC(N)=O)C(=O)NCC(N)=O)cc1,***,*****,,,,,,,,,,,,,,,,,WO2017011820A2.csv,True,False,True,False,150,30,.\raw.csv,0
969,CC(=O)N[C@@H](Cc1ccccc1)C(=O)N[C@H]1CCSC[C@@H](C(=O)N[C@@H](Cc2ccc(OCCN)cc2)C(=O)N[C@@H](Cc2ccc3ccccc3c2)C(=O)N[C@@](C)(CCCCN)C(=O)N[C@@H](CCC(=O)O)C(=O)N[C@@H](CC(N)=O)C(=O)N[C@@H](CC(N)=O)C(N)=O)NC(=O)[C@H](CCC(N)=O)NC(=O)[C@H](Cc2c[nH]c3ccccc23)NC(=O)[C@H]([C@@H](C)O)NC(=O)[C@H](CCC(N)=O)NC1=O,****,***,,,,,,,,,,,,,,,,,WO2017011820A2.csv,True,False,True,False,90,150,.\raw.csv,0
605,CC(=O)NCCCC[C@H](NC(=O)C(C)(C)NC(=O)[C@H](Cc1ccc2ccccc2c1)NC(=O)[C@H](Cc1ccc(OCCN)cc1)NC(=O)[C@H]1NC(=O)[C@H](CCC(N)=O)NC(=O)[C@H](Cc2c[nH]c3ccccc23)NC(=O)[C@H]([C@@H](C)O)NC(=O)[C@H](CCC(N)=O)NC(=O)[C@@H](NC(C)=O)C(C)(C)SSC1(C)C)C(=O)N[C@@H](CC(N)=O)C(=O)N[C@@H](CC(N)=O)C(N)=O,***,**,,,,,,,,,,,,,,,,,WO2017011820A2.csv,True,False,True,False,150,270,.\raw.csv,1
972,CC(=O)N[C@H](C(=O)N[C@H]1CCSC[C@@H](C(=O)N[C@@H](Cc2ccc(OCCN)cc2)C(=O)N[C@@H](Cc2ccc3ccccc3c2)C(=O)N[C@@](C)(CCCCN)C(=O)N[C@@H](CCC(=O)O)C(=O)N[C@@H](CC(N)=O)C(=O)N[C@@H](CC(N)=O)C(N)=O)NC(=O)[C@H](CCC(N)=O)NC(=O)[C@H](Cc2c[nH]c3ccccc23)NC(=O)[C@H]([C@@H](C)O)NC(=O)[C@H](CCC(N)=O)NC1=O)[C@@H](C)O,*,***,,,,,,,,,,,,,,,,,WO2017011820A2.csv,True,False,True,False,420,150,.\raw.csv,0
879,CC(=O)NCCCC[C@H](NC(=O)C(C)(C)NC(=O)[C@H](Cc1cccc2ccccc12)NC(=O)[C@H](Cc1ccc(OCCN)cc1)NC(=O)[C@@H]1CSCC[C@H](NC(C)=O)C(=O)N[C@@H](CCC(N)=O)C(=O)N[C@@H]([C@@H](C)O)C(=O)N[C@@H](Cc2c[nH]c3ccccc23)C(=O)N[C@@H](CCC(N)=O)C(=O)N1)C(=O)N[C@@H](CC(N)=O)C(=O)NCC(N)=O,*,*,,,,,,,,,,,,,,,,,WO2017011820A2.csv,True,False,True,True,420,420,.\raw.csv,1
535,CC(=O)N[C@@H]1C(=O)N[C@@H](CC(N)=O)C(=O)N[C@@H]([C@@H](C)O)C(=O)N[C@@H](Cc2c[nH]c3ccccc23)C(=O)N[C@@H](CCC(N)=O)C(=O)N[C@H](C(=O)N[C@@H](Cc2ccc(C(N)=O)cc2)C(=O)N[C@@H](Cc2ccc3ccccc3c2)C(=O)NC(C)(C)C(=O)N[C@@H](CCCCNC(=O)COCC(=O)NCCCC[C@H](NC(=O)C(C)(C)NC(=O)[C@H](Cc2ccc3ccccc3c2)NC(=O)[C@H](Cc2ccc(C(N)=O)cc2)NC(=O)[C@H]2NC(=O)[C@H](CCC(N)=O)NC(=O)[C@H](Cc3c[nH]c4ccccc34)NC(=O)[C@H]([C@@H](C)O)NC(=O)[C@H](CC(N)=O)NC(=O)[C@@H](NC(C)=O)C(C)(C)SSC2(C)C)C(=O)N[C@@H](CC(N)=O)C(=O)N[C@@H](CC(N)=O)C(N)=O)C(=O)N[C@@H](CC(N)=O)C(=O)N[C@@H](CC(N)=O)C(N)=O)C(C)(C)SSC1(C)C,**,**,,,,,,,,,,,,,,,,,WO2017011820A2.csv,True,False,True,False,270,270,.\raw.csv,1
615,CC(=O)NCCOc1ccc(C[C@H](NC(=O)[C@H]2NC(=O)[C@H](CCC(N)=O)NC(=O)[C@H](Cc3c[nH]c4ccccc34)NC(=O)[C@H]([C@@H](C)O)NC(=O)[C@H](CCC(N)=O)NC(=O)[C@@H](NC(C)=O)C(C)(C)SSC2(C)C)C(=O)N[C@@H](Cc2ccc3ccccc3c2)C(=O)NC(C)(C)C(=O)N[C@@H](CCC(=O)O)C(=O)N[C@@H](CC(N)=O)C(=O)N[C@@H](CC(N)=O)C(N)=O)cc1,*,*,,,,,,,,,,,,,,,,,WO2017011820A2.csv,True,False,True,True,420,420,.\raw.csv,1
601,CC(=O)N[C@@H]1C(=O)N[C@@H](CCC(N)=O)C(=O)N[C@@H]([C@@H](C)O)C(=O)N[C@@H](Cc2c[nH]c3ccccc23)C(=O)N[C@@H](CCC(N)=O)C(=O)N[C@H](C(=O)N[C@@H](Cc2ccc(OCCN)cc2)C(=O)N[C@@H](Cc2ccc3ccccc3c2)C(=O)N[C@@](C)(CC(C)C)C(=O)N[C@@H](CCC(=O)O)C(=O)N[C@@H](CC(N)=O)C(=O)N[C@@H](C)C(N)=O)C(C)(C)SSC1(C)C,*,*,,,,,,,,,,,,,,,,,WO2017011820A2.csv,True,False,True,False,420,420,.\raw.csv,1
1040,CC(=O)N[C@H]1CCSC[C@@H](C(=O)N[C@@H](Cc2ccc(OCc3ccccc3)cc2)C(=O)N[C@@H](Cc2c[nH]c3ccccc23)C(=O)N[C@@](C)(CCCCNC(=O)CCOCCOCCOCCOCCOCCOCCOCCOCCOCCOCCOCCOCCOCCOCCOCCOCCOCCOCCOCCOCCOCCOCCOCCOCCOCCOCCC(=O)NCCCC[C@](C)(NC(=O)[C@H](Cc2c[nH]c3ccccc23)NC(=O)[C@H](Cc2ccc(OCc3ccccc3)cc2)NC(=O)[C@@H]2CSCC[C@H](NC(C)=O)C(=O)N[C@@H](CCC(N)=O)C(=O)N[C@@H]([C@@H](C)O)C(=O)N[C@@H](Cc3c[nH]c4ccccc34)C(=O)N[C@@H](CCC(N)=O)C(=O)N2)C(=O)N[C@@H](CCC(=O)O)C(=O)N[C@@H](CC(N)=O)C(=O)NCC(N)=O)C(=O)N[C@@H](CCC(=O)O)C(=O)N[C@@H](CC(N)=O)C(=O)NCC(N)=O)NC(=O)[C@H](CCC(N)=O)NC(=O)[C@H](Cc2c[nH]c3ccccc23)NC(=O)[C@H]([C@@H](C)O)NC(=O)[C@H](CCC(N)=O)NC1=O,**,*****,,,,,,,,,,,,,,,,,WO2017011820A2.csv,True,False,True,True,270,30,.\raw.csv,0
721,COc1ccc(C[C@H](NC(=O)[C@H]2NC(=O)[C@H](CCC(N)=O)NC(=O)[C@H](Cc3c[nH]c4ccccc34)NC(=O)[C@H]([C@@H](C)O)NC(=O)[C@H](CCC(N)=O)NC(=O)[C@@H](NC(C)=O)CCSC2(C)C)C(=O)N[C@@H](Cc2ccc3ccccc3c2)C(=O)N[C@@](C)(CCCCN)C(=O)N[C@@H](CCCCNC(C)=O)C(=O)N[C@@H](CC(N)=O)C(=O)NCC(N)=O)cc1,**,***,,,,,,,,,,,,,,,,,WO2017011820A2.csv,True,False,True,True,270,150,.\raw.csv,0
671,COc1ccc(C[C@H](NC(=O)[C@H]2NC(=O)[C@H](CCC(N)=O)NC(=O)[C@H](Cc3c[nH]c4ccccc34)NC(=O)[C@H]([C@@H](C)O)NC(=O)[C@H](CC(N)=O)NC(=O)[C@@H](NC(C)=O)C(C)(C)SSC2(C)C)C(=O)N[C@@H](Cc2ccc3ccccc3c2)C(=O)N[C@@](C)(CC(C)C)C(=O)N[C@@H](CCCCNC(C)=O)C(=O)N[C@@H](CC(N)=O)C(=O)N[C@@H](CC(N)=O)C(N)=O)cc1,*,*,,,,,,,,,,,,,,,,,WO2017011820A2.csv,True,False,True,True,420,420,.\raw.csv,1
782,CC(=O)N[C@H]1CCSC[C@@H](C(=O)N[C@@H](Cc2ccc(OCCN)cc2)C(=O)N[C@@H](Cc2c[nH]c3ccccc23)C(=O)N[C@@](C)(CCCCN)C(=O)N[C@@H](CCC(=O)O)C(=O)N[C@@H](CC(N)=O)C(=O)NCC(N)=O)NC(=O)[C@H](CCC(N)=O)NC(=O)[C@H](Cc2c[nH]c3ccccc23)NC(=O)[C@H]([C@@H](C)O)NC(=O)[C@H](CCC(N)=O)NC1=O,*,***,,,,,,,,,,,,,,,,,WO2017011820A2.csv,True,False,True,True,420,150,.\raw.csv,0
606,CC(=O)NCCCC[C@H](NC(=O)C(C)(C)NC(=O)[C@H](Cc1ccc2ccccc2c1)NC(=O)[C@H](Cc1ccc(OCCN)cc1)NC(=O)[C@H]1NC(=O)[C@H](CCC(N)=O)NC(=O)[C@H](Cc2c[nH]c3ccccc23)NC(=O)[C@H]([C@@H](C)O)NC(=O)[C@H](CCC(N)=O)NC(=O)[C@@H](NC(C)=O)C(C)(C)SSC1(C)C)C(=O)N[C@@H](CC(N)=O)C(=O)N[C@@H](CCC(N)=O)C(N)=O,*,*,,,,,,,,,,,,,,,,,WO2017011820A2.csv,True,False,True,True,420,420,.\raw.csv,1
707,COc1ccc(C[C@H](NC(=O)[C@@H]2CSCC[C@H](NC(C)=O)C(=O)N[C@@H](CCC(N)=O)C(=O)N[C@@H]([C@@H](C)O)C(=O)N[C@@H](Cc3c[nH]c4ccccc34)C(=O)N[C@@H](CCC(N)=O)C(=O)N2)C(=O)N[C@@H](Cc2c[nH]c3ccccc23)C(=O)N[C@@](C)(CCCN)C(=O)N[C@@H](CCC(=O)O)C(=O)N[C@@H](CC(N)=O)C(=O)NCC(N)=O)cc1,**,*****,,,,,,,,,,,,,,,,,WO2017011820A2.csv,True,False,True,True,270,30,.\raw.csv,0
611,CC(=O)NCCCC[C@](C)(NC(=O)[C@H](Cc1ccc2ccccc2c1)NC(=O)[C@H](Cc1ccc(OCCNC(C)=O)cc1)NC(=O)[C@H]1NC(=O)[C@H](CCC(N)=O)NC(=O)[C@H](Cc2c[nH]c3ccccc23)NC(=O)[C@H]([C@@H](C)O)NC(=O)[C@H](CCC(N)=O)NC(=O)[C@@H](NC(C)=O)C(C)(C)SSC1(C)C)C(=O)N[C@@H](CCC(=O)O)C(=O)N[C@@H](CC(N)=O)C(=O)NCC(N)=O,**,*,,,,,,,,,,,,,,,,,WO2017011820A2.csv,True,False,True,False,270,420,.\raw.csv,1
718,CC(=O)NCCCC[C@H](NC(=O)[C@](C)(CCCCN)NC(=O)[C@H](Cc1ccc2ccccc2c1)NC(=O)[C@H](Cc1ccc(C(N)=O)cc1)NC(=O)[C@@H]1CSCC[C@H](NC(C)=O)C(=O)N[C@@H](CCC(N)=O)C(=O)N[C@@H]([C@@H](C)O)C(=O)N[C@@H](Cc2c[nH]c3ccccc23)C(=O)N[C@@H](CCC(N)=O)C(=O)N1)C(=O)N[C@@H](CC(N)=O)C(=O)NCC(N)=O,***,*****,,,,,,,,,,,,,,,,,WO2017011820A2.csv,True,False,True,True,150,30,.\raw.csv,0
915,CC(=O)NCCCC[C@H](NC(=O)[C@@](C)(NC(=O)[C@H](Cc1ccc2ccccc2c1)NC(=O)[C@H](Cc1ccc(OCCN)cc1)NC(=O)[C@@H]1CSCC[C@H](NC(C)=O)C(=O)N[C@@H](CCC(N)=O)C(=O)N[C@@H]([C@@H](C)O)C(=O)N[C@@H](Cc2c[nH]c3ccccc23)C(=O)N[C@@H](CCC(N)=O)C(=O)N1)C(C)C)C(=O)N[C@@H](CC(N)=O)C(=O)NCC(N)=O,***,****,,,,,,,,,,,,,,,,,WO2017011820A2.csv,True,False,True,True,150,90,.\raw.csv,0
686,CC(=O)NCCCC[C@H](NC(=O)[C@](C)(CC(C)C)NC(=O)[C@H](Cc1ccc2ccccc2c1)NC(=O)[C@H](Cc1ccc(C(N)=O)cc1)NC(=O)[C@H]1NC(=O)[C@H](CCC(N)=O)NC(=O)[C@H](Cc2c[nH]c3ccccc23)NC(=O)[C@H]([C@@H](C)O)NC(=O)[C@H](CC(N)=O)NC(=O)[C@@H](NC(C)=O)C(C)(C)SSC1(C)C)C(=O)N[C@@H](CC(N)=O)C(=O)N[C@@H](CC(N)=O)C(N)=O,*,*,,,,,,,,,,,,,,,,,WO2017011820A2.csv,True,False,True,False,420,420,.\raw.csv,1
628,CC(=O)NCCCC[C@H](NC(=O)C(C)(C)NC(=O)[C@H](Cc1ccc2ccccc2c1)NC(=O)[C@H](Cc1ccc(OCCN)cc1)NC(=O)[C@H]1NC(=O)[C@H](CCC(N)=O)NC(=O)[C@H](Cc2c[nH]c3ccccc23)NC(=O)[C@H]([C@@H](C)O)NC(=O)[C@H](CCC(N)=O)NC(=O)[C@@H](NC(C)=O)C(C)(C)SSC1(C)C)C(=O)N[C@@H](CC(N)=O)C(=O)NCCC(N)=O,*,*,,,,,,,,,,,,,,,,,WO2017011820A2.csv,True,False,True,True,420,420,.\raw.csv,1
720,COc1ccc(C[C@H](NC(=O)[C@H]2NC(=O)[C@H](CCC(N)=O)NC(=O)[C@H](Cc3c[nH]c4ccccc34)NC(=O)[C@H]([C@@H](C)O)NC(=O)[C@H](CCC(N)=O)NC(=O)[C@@H](NC(C)=O)CCSC2(C)C)C(=O)N[C@@H](Cc2ccc3ccccc3c2)C(=O)N[C@@](C)(CCCCN)C(=O)N[C@@H](CCC(=O)O)C(=O)N[C@@H](CC(N)=O)C(=O)NCC(N)=O)cc1,**,***,,,,,,,,,,,,,,,,,WO2017011820A2.csv,True,False,True,True,270,150,.\raw.csv,0
607,CC(=O)NCCCC[C@](C)(NC(=O)[C@H](Cc1ccc2ccccc2c1)NC(=O)[C@H](Cc1ccc(OCCNC(C)=O)cc1)NC(=O)[C@H]1NC(=O)[C@H](CCC(N)=O)NC(=O)[C@H](Cc2c[nH]c3ccccc23)NC(=O)[C@H]([C@@H](C)O)NC(=O)[C@H](CNC(C)=O)NC(=O)[C@@H](NC(C)=O)C(C)(C)SSC1(C)C)C(=O)N[C@@H](CCC(=O)O)C(=O)N[C@@H](CC(N)=O)C(=O)NCC(N)=O,*,*,,,,,,,,,,,,,,,,,WO2017011820A2.csv,True,False,True,False,420,420,.\raw.csv,1
618,COc1ccc(C[C@H](NC(=O)[C@H]2NC(=O)[C@H](CCC(N)=O)NC(=O)[C@H](Cc3c[nH]c4ccccc34)NC(=O)[C@H]([C@@H](C)O)NC(=O)[C@H](CCC(N)=O)NC(=O)[C@@H](NC(C)=O)C(C)(C)SSC2(C)C)C(=O)N[C@@H](Cc2ccc3ccccc3c2)C(=O)NC(C)(C)C(=O)N[C@@H](CCC(=O)O)C(=O)N[C@@H](CC(N)=O)C(=O)N[C@@H](CC(N)=O)C(N)=O)cc1,***,*,,,,,,,,,,,,,,,,,WO2017011820A2.csv,True,False,True,True,150,420,.\raw.csv,1
899,CC(=O)N[C@H]1CCSC[C@@H](C(=O)N[C@@H](Cc2ccc(OCCN)cc2)C(=O)N[C@@H](Cc2c[nH]c3ccccc23)C(=O)N[C@@H](CCC(C)C)C(=O)N[C@@H](CCC(=O)O)C(=O)N[C@@H](CC(N)=O)C(=O)NCC(N)=O)NC(=O)[C@H](CCC(N)=O)NC(=O)[C@H](Cc2c[nH]c3ccccc23)NC(=O)[C@H]([C@@H](C)O)NC(=O)[C@H](CCC(N)=O)NC1=O,*****,*****,,,,,,,,,,,,,,,,,WO2017011820A2.csv,True,False,True,True,30,30,.\raw.csv,0
604,CC(=O)N[C@@H]1C(=O)N[C@@H](CCC(N)=O)C(=O)N[C@@H]([C@@H](C)O)C(=O)N[C@@H](Cc2c[nH]c3ccccc23)C(=O)N[C@@H](CCC(N)=O)C(=O)N[C@H](C(=O)N[C@@H](Cc2ccc(OCCN)cc2)C(=O)N[C@@H](Cc2ccc3ccccc3c2)C(=O)NC(C)(C)C(=O)N[C@@H](CCC(=O)O)C(=O)N[C@@H](CC(N)=O)C(=O)N[C@@H](CC(N)=O)C(N)=O)C(C)(C)SSC1(C)C,*,*,,,,,,,,,,,,,,,,,WO2017011820A2.csv,True,False,True,False,420,420,.\raw.csv,1
